{"trial_id": "059", "hyperparameters": {"space": [{"class_name": "Float", "config": {"name": "lambda_L2", "default": 1e-05, "conditions": [], "min_value": 1e-05, "max_value": 1.0, "step": null, "sampling": "log"}}, {"class_name": "Int", "config": {"name": "depth", "default": null, "conditions": [], "min_value": 1, "max_value": 5, "step": 1, "sampling": "linear"}}, {"class_name": "Int", "config": {"name": "n_first", "default": null, "conditions": [], "min_value": 10, "max_value": 100, "step": null, "sampling": "log"}}, {"class_name": "Int", "config": {"name": "n_others", "default": null, "conditions": [], "min_value": 5, "max_value": 50, "step": null, "sampling": "log"}}, {"class_name": "Float", "config": {"name": "dropout", "default": 0.1, "conditions": [], "min_value": 0.1, "max_value": 0.5, "step": null, "sampling": "linear"}}, {"class_name": "Choice", "config": {"name": "activation", "default": "relu", "conditions": [], "values": ["relu", "sigmoid"], "ordered": false}}, {"class_name": "Float", "config": {"name": "learning_rate", "default": 0.0001, "conditions": [], "min_value": 0.0001, "max_value": 0.1, "step": null, "sampling": "log"}}], "values": {"lambda_L2": 2.6763185392757587e-05, "depth": 2, "n_first": 75, "n_others": 42, "dropout": 0.3804973750878805, "activation": "relu", "learning_rate": 0.014656113106690695}}, "metrics": {"metrics": {"accuracy": {"direction": "max", "observations": [{"value": [0.6593886613845825], "step": 0}]}, "loss": {"direction": "min", "observations": [{"value": [0.6186308860778809], "step": 0}]}, "val_accuracy": {"direction": "max", "observations": [{"value": [0.8620689511299133], "step": 0}]}, "val_loss": {"direction": "min", "observations": [{"value": [0.36265885829925537], "step": 0}]}}}, "score": 0.8620689511299133, "best_step": 0, "status": "COMPLETED", "message": null}