{"trial_id": "073", "hyperparameters": {"space": [{"class_name": "Float", "config": {"name": "lambda_L2", "default": 1e-05, "conditions": [], "min_value": 1e-05, "max_value": 1.0, "step": null, "sampling": "log"}}, {"class_name": "Int", "config": {"name": "depth", "default": null, "conditions": [], "min_value": 1, "max_value": 5, "step": 1, "sampling": "linear"}}, {"class_name": "Int", "config": {"name": "n_first", "default": null, "conditions": [], "min_value": 10, "max_value": 100, "step": null, "sampling": "log"}}, {"class_name": "Int", "config": {"name": "n_others", "default": null, "conditions": [], "min_value": 5, "max_value": 50, "step": null, "sampling": "log"}}, {"class_name": "Float", "config": {"name": "dropout", "default": 0.1, "conditions": [], "min_value": 0.1, "max_value": 0.5, "step": null, "sampling": "linear"}}, {"class_name": "Choice", "config": {"name": "activation", "default": "relu", "conditions": [], "values": ["relu", "sigmoid"], "ordered": false}}, {"class_name": "Float", "config": {"name": "learning_rate", "default": 0.0001, "conditions": [], "min_value": 0.0001, "max_value": 0.1, "step": null, "sampling": "log"}}], "values": {"lambda_L2": 0.00048061770130001196, "depth": 4, "n_first": 18, "n_others": 18, "dropout": 0.24276327141089446, "activation": "relu", "learning_rate": 0.00041564379179876733}}, "metrics": {"metrics": {"accuracy": {"direction": "max", "observations": [{"value": [0.8995633125305176], "step": 53}]}, "loss": {"direction": "min", "observations": [{"value": [0.5083542466163635], "step": 53}]}, "val_accuracy": {"direction": "max", "observations": [{"value": [0.8793103694915771], "step": 53}]}, "val_loss": {"direction": "min", "observations": [{"value": [0.5258562564849854], "step": 53}]}}}, "score": 0.8793103694915771, "best_step": 53, "status": "COMPLETED", "message": null}