{"trial_id": "053", "hyperparameters": {"space": [{"class_name": "Float", "config": {"name": "lambda_L2", "default": 1e-05, "conditions": [], "min_value": 1e-05, "max_value": 1.0, "step": null, "sampling": "log"}}, {"class_name": "Int", "config": {"name": "depth", "default": null, "conditions": [], "min_value": 1, "max_value": 5, "step": 1, "sampling": "linear"}}, {"class_name": "Int", "config": {"name": "n_first", "default": null, "conditions": [], "min_value": 10, "max_value": 100, "step": null, "sampling": "log"}}, {"class_name": "Int", "config": {"name": "n_others", "default": null, "conditions": [], "min_value": 5, "max_value": 50, "step": null, "sampling": "log"}}, {"class_name": "Float", "config": {"name": "dropout", "default": 0.1, "conditions": [], "min_value": 0.1, "max_value": 0.5, "step": null, "sampling": "linear"}}, {"class_name": "Choice", "config": {"name": "activation", "default": "relu", "conditions": [], "values": ["relu", "sigmoid"], "ordered": false}}, {"class_name": "Float", "config": {"name": "learning_rate", "default": 0.0001, "conditions": [], "min_value": 0.0001, "max_value": 0.1, "step": null, "sampling": "log"}}], "values": {"lambda_L2": 0.0009714054373152711, "depth": 2, "n_first": 19, "n_others": 49, "dropout": 0.26224625693476555, "activation": "sigmoid", "learning_rate": 0.006689360678487024}}, "metrics": {"metrics": {"accuracy": {"direction": "max", "observations": [{"value": [0.4890829622745514], "step": 1}]}, "loss": {"direction": "min", "observations": [{"value": [0.8439213037490845], "step": 1}]}, "val_accuracy": {"direction": "max", "observations": [{"value": [0.5344827771186829], "step": 1}]}, "val_loss": {"direction": "min", "observations": [{"value": [0.7817510962486267], "step": 1}]}}}, "score": 0.5344827771186829, "best_step": 1, "status": "COMPLETED", "message": null}