{"trial_id": "411", "hyperparameters": {"space": [{"class_name": "Float", "config": {"name": "lambda_L2", "default": 1e-05, "conditions": [], "min_value": 1e-05, "max_value": 1.0, "step": null, "sampling": "log"}}, {"class_name": "Int", "config": {"name": "depth", "default": null, "conditions": [], "min_value": 1, "max_value": 5, "step": 1, "sampling": "linear"}}, {"class_name": "Int", "config": {"name": "n_first", "default": null, "conditions": [], "min_value": 10, "max_value": 100, "step": null, "sampling": "log"}}, {"class_name": "Int", "config": {"name": "n_others", "default": null, "conditions": [], "min_value": 5, "max_value": 50, "step": null, "sampling": "log"}}, {"class_name": "Float", "config": {"name": "dropout", "default": 0.1, "conditions": [], "min_value": 0.1, "max_value": 0.5, "step": null, "sampling": "linear"}}, {"class_name": "Choice", "config": {"name": "activation", "default": "relu", "conditions": [], "values": ["relu", "sigmoid"], "ordered": false}}, {"class_name": "Float", "config": {"name": "learning_rate", "default": 0.0001, "conditions": [], "min_value": 0.0001, "max_value": 0.1, "step": null, "sampling": "log"}}], "values": {"lambda_L2": 0.45111113248869833, "depth": 1, "n_first": 19, "n_others": 8, "dropout": 0.1648517003114789, "activation": "relu", "learning_rate": 0.001426698110547588}}, "metrics": {"metrics": {"accuracy": {"direction": "max", "observations": [{"value": [0.5458515286445618], "step": 3}]}, "loss": {"direction": "min", "observations": [{"value": [14.401018142700195], "step": 3}]}, "val_accuracy": {"direction": "max", "observations": [{"value": [0.6206896305084229], "step": 3}]}, "val_loss": {"direction": "min", "observations": [{"value": [13.686224937438965], "step": 3}]}}}, "score": 0.6206896305084229, "best_step": 3, "status": "COMPLETED", "message": null}