{"trial_id": "454", "hyperparameters": {"space": [{"class_name": "Float", "config": {"name": "lambda_L2", "default": 1e-05, "conditions": [], "min_value": 1e-05, "max_value": 1.0, "step": null, "sampling": "log"}}, {"class_name": "Int", "config": {"name": "depth", "default": null, "conditions": [], "min_value": 1, "max_value": 5, "step": 1, "sampling": "linear"}}, {"class_name": "Int", "config": {"name": "n_first", "default": null, "conditions": [], "min_value": 10, "max_value": 100, "step": null, "sampling": "log"}}, {"class_name": "Int", "config": {"name": "n_others", "default": null, "conditions": [], "min_value": 5, "max_value": 50, "step": null, "sampling": "log"}}, {"class_name": "Float", "config": {"name": "dropout", "default": 0.1, "conditions": [], "min_value": 0.1, "max_value": 0.5, "step": null, "sampling": "linear"}}, {"class_name": "Choice", "config": {"name": "activation", "default": "relu", "conditions": [], "values": ["relu", "sigmoid"], "ordered": false}}, {"class_name": "Float", "config": {"name": "learning_rate", "default": 0.0001, "conditions": [], "min_value": 0.0001, "max_value": 0.1, "step": null, "sampling": "log"}}], "values": {"lambda_L2": 0.003451975786498958, "depth": 1, "n_first": 58, "n_others": 5, "dropout": 0.3051255923535541, "activation": "relu", "learning_rate": 0.00515249400483449}}, "metrics": {"metrics": {"accuracy": {"direction": "max", "observations": [{"value": [0.8340611457824707], "step": 33}]}, "loss": {"direction": "min", "observations": [{"value": [0.49649667739868164], "step": 33}]}, "val_accuracy": {"direction": "max", "observations": [{"value": [0.9137930870056152], "step": 33}]}, "val_loss": {"direction": "min", "observations": [{"value": [0.44201192259788513], "step": 33}]}}}, "score": 0.9137930870056152, "best_step": 33, "status": "COMPLETED", "message": null}