{"trial_id": "464", "hyperparameters": {"space": [{"class_name": "Float", "config": {"name": "lambda_L2", "default": 1e-05, "conditions": [], "min_value": 1e-05, "max_value": 1.0, "step": null, "sampling": "log"}}, {"class_name": "Int", "config": {"name": "depth", "default": null, "conditions": [], "min_value": 1, "max_value": 5, "step": 1, "sampling": "linear"}}, {"class_name": "Int", "config": {"name": "n_first", "default": null, "conditions": [], "min_value": 10, "max_value": 100, "step": null, "sampling": "log"}}, {"class_name": "Int", "config": {"name": "n_others", "default": null, "conditions": [], "min_value": 5, "max_value": 50, "step": null, "sampling": "log"}}, {"class_name": "Float", "config": {"name": "dropout", "default": 0.1, "conditions": [], "min_value": 0.1, "max_value": 0.5, "step": null, "sampling": "linear"}}, {"class_name": "Choice", "config": {"name": "activation", "default": "relu", "conditions": [], "values": ["relu", "sigmoid"], "ordered": false}}, {"class_name": "Float", "config": {"name": "learning_rate", "default": 0.0001, "conditions": [], "min_value": 0.0001, "max_value": 0.1, "step": null, "sampling": "log"}}], "values": {"lambda_L2": 0.00158413117226917, "depth": 1, "n_first": 41, "n_others": 14, "dropout": 0.47762544332049706, "activation": "sigmoid", "learning_rate": 0.00029094589256442637}}, "metrics": {"metrics": {"accuracy": {"direction": "max", "observations": [{"value": [0.5021833777427673], "step": 22}]}, "loss": {"direction": "min", "observations": [{"value": [0.7962096333503723], "step": 22}]}, "val_accuracy": {"direction": "max", "observations": [{"value": [0.7758620977401733], "step": 22}]}, "val_loss": {"direction": "min", "observations": [{"value": [0.7741584777832031], "step": 22}]}}}, "score": 0.7758620977401733, "best_step": 22, "status": "COMPLETED", "message": null}