{"trial_id": "395", "hyperparameters": {"space": [{"class_name": "Float", "config": {"name": "lambda_L2", "default": 1e-05, "conditions": [], "min_value": 1e-05, "max_value": 1.0, "step": null, "sampling": "log"}}, {"class_name": "Int", "config": {"name": "depth", "default": null, "conditions": [], "min_value": 1, "max_value": 5, "step": 1, "sampling": "linear"}}, {"class_name": "Int", "config": {"name": "n_first", "default": null, "conditions": [], "min_value": 10, "max_value": 100, "step": null, "sampling": "log"}}, {"class_name": "Int", "config": {"name": "n_others", "default": null, "conditions": [], "min_value": 5, "max_value": 50, "step": null, "sampling": "log"}}, {"class_name": "Float", "config": {"name": "dropout", "default": 0.1, "conditions": [], "min_value": 0.1, "max_value": 0.5, "step": null, "sampling": "linear"}}, {"class_name": "Choice", "config": {"name": "activation", "default": "relu", "conditions": [], "values": ["relu", "sigmoid"], "ordered": false}}, {"class_name": "Float", "config": {"name": "learning_rate", "default": 0.0001, "conditions": [], "min_value": 0.0001, "max_value": 0.1, "step": null, "sampling": "log"}}], "values": {"lambda_L2": 0.00043241779768780604, "depth": 1, "n_first": 32, "n_others": 15, "dropout": 0.11810014994107654, "activation": "sigmoid", "learning_rate": 0.018152164233701074}}, "metrics": {"metrics": {"accuracy": {"direction": "max", "observations": [{"value": [0.7816593647003174], "step": 3}]}, "loss": {"direction": "min", "observations": [{"value": [0.610133945941925], "step": 3}]}, "val_accuracy": {"direction": "max", "observations": [{"value": [0.8448275923728943], "step": 3}]}, "val_loss": {"direction": "min", "observations": [{"value": [0.5161164999008179], "step": 3}]}}}, "score": 0.8448275923728943, "best_step": 3, "status": "COMPLETED", "message": null}