{"trial_id": "328", "hyperparameters": {"space": [{"class_name": "Float", "config": {"name": "lambda_L2", "default": 1e-05, "conditions": [], "min_value": 1e-05, "max_value": 1.0, "step": null, "sampling": "log"}}, {"class_name": "Int", "config": {"name": "depth", "default": null, "conditions": [], "min_value": 1, "max_value": 5, "step": 1, "sampling": "linear"}}, {"class_name": "Int", "config": {"name": "n_first", "default": null, "conditions": [], "min_value": 10, "max_value": 100, "step": null, "sampling": "log"}}, {"class_name": "Int", "config": {"name": "n_others", "default": null, "conditions": [], "min_value": 5, "max_value": 50, "step": null, "sampling": "log"}}, {"class_name": "Float", "config": {"name": "dropout", "default": 0.1, "conditions": [], "min_value": 0.1, "max_value": 0.5, "step": null, "sampling": "linear"}}, {"class_name": "Choice", "config": {"name": "activation", "default": "relu", "conditions": [], "values": ["relu", "sigmoid"], "ordered": false}}, {"class_name": "Float", "config": {"name": "learning_rate", "default": 0.0001, "conditions": [], "min_value": 0.0001, "max_value": 0.1, "step": null, "sampling": "log"}}], "values": {"lambda_L2": 0.14619603727801306, "depth": 1, "n_first": 69, "n_others": 13, "dropout": 0.16942048871959514, "activation": "relu", "learning_rate": 0.0002621394844676562}}, "metrics": {"metrics": {"accuracy": {"direction": "max", "observations": [{"value": [0.7467249035835266], "step": 28}]}, "loss": {"direction": "min", "observations": [{"value": [6.496954441070557], "step": 28}]}, "val_accuracy": {"direction": "max", "observations": [{"value": [0.8103448152542114], "step": 28}]}, "val_loss": {"direction": "min", "observations": [{"value": [6.420136451721191], "step": 28}]}}}, "score": 0.8103448152542114, "best_step": 28, "status": "COMPLETED", "message": null}