{"trial_id": "101", "hyperparameters": {"space": [{"class_name": "Float", "config": {"name": "lambda_L2", "default": 1e-05, "conditions": [], "min_value": 1e-05, "max_value": 1.0, "step": null, "sampling": "log"}}, {"class_name": "Int", "config": {"name": "depth", "default": null, "conditions": [], "min_value": 1, "max_value": 5, "step": 1, "sampling": "linear"}}, {"class_name": "Int", "config": {"name": "n_first", "default": null, "conditions": [], "min_value": 10, "max_value": 100, "step": null, "sampling": "log"}}, {"class_name": "Int", "config": {"name": "n_others", "default": null, "conditions": [], "min_value": 5, "max_value": 50, "step": null, "sampling": "log"}}, {"class_name": "Float", "config": {"name": "dropout", "default": 0.1, "conditions": [], "min_value": 0.1, "max_value": 0.5, "step": null, "sampling": "linear"}}, {"class_name": "Choice", "config": {"name": "activation", "default": "relu", "conditions": [], "values": ["relu", "sigmoid"], "ordered": false}}, {"class_name": "Float", "config": {"name": "learning_rate", "default": 0.0001, "conditions": [], "min_value": 0.0001, "max_value": 0.1, "step": null, "sampling": "log"}}], "values": {"lambda_L2": 1.4835801904728206e-05, "depth": 1, "n_first": 34, "n_others": 6, "dropout": 0.29542491351992084, "activation": "sigmoid", "learning_rate": 0.00042611911828301276}}, "metrics": {"metrics": {"accuracy": {"direction": "max", "observations": [{"value": [0.6550218462944031], "step": 97}]}, "loss": {"direction": "min", "observations": [{"value": [0.619966983795166], "step": 97}]}, "val_accuracy": {"direction": "max", "observations": [{"value": [0.7931034564971924], "step": 97}]}, "val_loss": {"direction": "min", "observations": [{"value": [0.6235968470573425], "step": 97}]}}}, "score": 0.7931034564971924, "best_step": 97, "status": "COMPLETED", "message": null}