{"trial_id": "100", "hyperparameters": {"space": [{"class_name": "Float", "config": {"name": "lambda_L2", "default": 1e-05, "conditions": [], "min_value": 1e-05, "max_value": 1.0, "step": null, "sampling": "log"}}, {"class_name": "Int", "config": {"name": "depth", "default": null, "conditions": [], "min_value": 1, "max_value": 5, "step": 1, "sampling": "linear"}}, {"class_name": "Int", "config": {"name": "n_first", "default": null, "conditions": [], "min_value": 10, "max_value": 100, "step": null, "sampling": "log"}}, {"class_name": "Int", "config": {"name": "n_others", "default": null, "conditions": [], "min_value": 5, "max_value": 50, "step": null, "sampling": "log"}}, {"class_name": "Float", "config": {"name": "dropout", "default": 0.1, "conditions": [], "min_value": 0.1, "max_value": 0.5, "step": null, "sampling": "linear"}}, {"class_name": "Choice", "config": {"name": "activation", "default": "relu", "conditions": [], "values": ["relu", "sigmoid"], "ordered": false}}, {"class_name": "Float", "config": {"name": "learning_rate", "default": 0.0001, "conditions": [], "min_value": 0.0001, "max_value": 0.1, "step": null, "sampling": "log"}}], "values": {"lambda_L2": 0.0004924703959788454, "depth": 5, "n_first": 32, "n_others": 6, "dropout": 0.24593337395652437, "activation": "relu", "learning_rate": 0.0015202649525832936}}, "metrics": {"metrics": {"accuracy": {"direction": "max", "observations": [{"value": [0.7947598099708557], "step": 8}]}, "loss": {"direction": "min", "observations": [{"value": [0.6504870653152466], "step": 8}]}, "val_accuracy": {"direction": "max", "observations": [{"value": [0.8448275923728943], "step": 8}]}, "val_loss": {"direction": "min", "observations": [{"value": [0.6126089692115784], "step": 8}]}}}, "score": 0.8448275923728943, "best_step": 8, "status": "COMPLETED", "message": null}