{"trial_id": "494", "hyperparameters": {"space": [{"class_name": "Float", "config": {"name": "lambda_L2", "default": 1e-05, "conditions": [], "min_value": 1e-05, "max_value": 1.0, "step": null, "sampling": "log"}}, {"class_name": "Int", "config": {"name": "depth", "default": null, "conditions": [], "min_value": 1, "max_value": 5, "step": 1, "sampling": "linear"}}, {"class_name": "Int", "config": {"name": "n_first", "default": null, "conditions": [], "min_value": 10, "max_value": 100, "step": null, "sampling": "log"}}, {"class_name": "Int", "config": {"name": "n_others", "default": null, "conditions": [], "min_value": 5, "max_value": 50, "step": null, "sampling": "log"}}, {"class_name": "Float", "config": {"name": "dropout", "default": 0.1, "conditions": [], "min_value": 0.1, "max_value": 0.5, "step": null, "sampling": "linear"}}, {"class_name": "Choice", "config": {"name": "activation", "default": "relu", "conditions": [], "values": ["relu", "sigmoid"], "ordered": false}}, {"class_name": "Float", "config": {"name": "learning_rate", "default": 0.0001, "conditions": [], "min_value": 0.0001, "max_value": 0.1, "step": null, "sampling": "log"}}], "values": {"lambda_L2": 9.639325748816868e-05, "depth": 4, "n_first": 18, "n_others": 18, "dropout": 0.25115099333249236, "activation": "relu", "learning_rate": 0.005449514749224714}}, "metrics": {"metrics": {"accuracy": {"direction": "max", "observations": [{"value": [0.8733624219894409], "step": 6}]}, "loss": {"direction": "min", "observations": [{"value": [0.45770880579948425], "step": 6}]}, "val_accuracy": {"direction": "max", "observations": [{"value": [0.931034505367279], "step": 6}]}, "val_loss": {"direction": "min", "observations": [{"value": [0.36203548312187195], "step": 6}]}}}, "score": 0.931034505367279, "best_step": 6, "status": "COMPLETED", "message": null}