{"trial_id": "357", "hyperparameters": {"space": [{"class_name": "Float", "config": {"name": "lambda_L2", "default": 1e-05, "conditions": [], "min_value": 1e-05, "max_value": 1.0, "step": null, "sampling": "log"}}, {"class_name": "Int", "config": {"name": "depth", "default": null, "conditions": [], "min_value": 1, "max_value": 5, "step": 1, "sampling": "linear"}}, {"class_name": "Int", "config": {"name": "n_first", "default": null, "conditions": [], "min_value": 10, "max_value": 100, "step": null, "sampling": "log"}}, {"class_name": "Int", "config": {"name": "n_others", "default": null, "conditions": [], "min_value": 5, "max_value": 50, "step": null, "sampling": "log"}}, {"class_name": "Float", "config": {"name": "dropout", "default": 0.1, "conditions": [], "min_value": 0.1, "max_value": 0.5, "step": null, "sampling": "linear"}}, {"class_name": "Choice", "config": {"name": "activation", "default": "relu", "conditions": [], "values": ["relu", "sigmoid"], "ordered": false}}, {"class_name": "Float", "config": {"name": "learning_rate", "default": 0.0001, "conditions": [], "min_value": 0.0001, "max_value": 0.1, "step": null, "sampling": "log"}}], "values": {"lambda_L2": 1.230357025490969e-05, "depth": 4, "n_first": 37, "n_others": 18, "dropout": 0.4148849754007362, "activation": "relu", "learning_rate": 0.027349845344025}}, "metrics": {"metrics": {"accuracy": {"direction": "max", "observations": [{"value": [0.8034934401512146], "step": 13}]}, "loss": {"direction": "min", "observations": [{"value": [0.6753451824188232], "step": 13}]}, "val_accuracy": {"direction": "max", "observations": [{"value": [0.8620689511299133], "step": 13}]}, "val_loss": {"direction": "min", "observations": [{"value": [0.542092502117157], "step": 13}]}}}, "score": 0.8620689511299133, "best_step": 13, "status": "COMPLETED", "message": null}