{"trial_id": "306", "hyperparameters": {"space": [{"class_name": "Float", "config": {"name": "lambda_L2", "default": 1e-05, "conditions": [], "min_value": 1e-05, "max_value": 1.0, "step": null, "sampling": "log"}}, {"class_name": "Int", "config": {"name": "depth", "default": null, "conditions": [], "min_value": 1, "max_value": 5, "step": 1, "sampling": "linear"}}, {"class_name": "Int", "config": {"name": "n_first", "default": null, "conditions": [], "min_value": 10, "max_value": 100, "step": null, "sampling": "log"}}, {"class_name": "Int", "config": {"name": "n_others", "default": null, "conditions": [], "min_value": 5, "max_value": 50, "step": null, "sampling": "log"}}, {"class_name": "Float", "config": {"name": "dropout", "default": 0.1, "conditions": [], "min_value": 0.1, "max_value": 0.5, "step": null, "sampling": "linear"}}, {"class_name": "Choice", "config": {"name": "activation", "default": "relu", "conditions": [], "values": ["relu", "sigmoid"], "ordered": false}}, {"class_name": "Float", "config": {"name": "learning_rate", "default": 0.0001, "conditions": [], "min_value": 0.0001, "max_value": 0.1, "step": null, "sampling": "log"}}], "values": {"lambda_L2": 0.00012385839658829442, "depth": 3, "n_first": 38, "n_others": 43, "dropout": 0.3547922825285995, "activation": "relu", "learning_rate": 0.06882798369456275}}, "metrics": {"metrics": {"accuracy": {"direction": "max", "observations": [{"value": [0.6681222915649414], "step": 7}]}, "loss": {"direction": "min", "observations": [{"value": [0.6728506684303284], "step": 7}]}, "val_accuracy": {"direction": "max", "observations": [{"value": [0.8620689511299133], "step": 7}]}, "val_loss": {"direction": "min", "observations": [{"value": [0.443168044090271], "step": 7}]}}}, "score": 0.8620689511299133, "best_step": 7, "status": "COMPLETED", "message": null}