{"trial_id": "431", "hyperparameters": {"space": [{"class_name": "Float", "config": {"name": "lambda_L2", "default": 1e-05, "conditions": [], "min_value": 1e-05, "max_value": 1.0, "step": null, "sampling": "log"}}, {"class_name": "Int", "config": {"name": "depth", "default": null, "conditions": [], "min_value": 1, "max_value": 5, "step": 1, "sampling": "linear"}}, {"class_name": "Int", "config": {"name": "n_first", "default": null, "conditions": [], "min_value": 10, "max_value": 100, "step": null, "sampling": "log"}}, {"class_name": "Int", "config": {"name": "n_others", "default": null, "conditions": [], "min_value": 5, "max_value": 50, "step": null, "sampling": "log"}}, {"class_name": "Float", "config": {"name": "dropout", "default": 0.1, "conditions": [], "min_value": 0.1, "max_value": 0.5, "step": null, "sampling": "linear"}}, {"class_name": "Choice", "config": {"name": "activation", "default": "relu", "conditions": [], "values": ["relu", "sigmoid"], "ordered": false}}, {"class_name": "Float", "config": {"name": "learning_rate", "default": 0.0001, "conditions": [], "min_value": 0.0001, "max_value": 0.1, "step": null, "sampling": "log"}}], "values": {"lambda_L2": 0.00039229216599503074, "depth": 1, "n_first": 70, "n_others": 6, "dropout": 0.15282423353167485, "activation": "relu", "learning_rate": 0.04279780081292096}}, "metrics": {"metrics": {"accuracy": {"direction": "max", "observations": [{"value": [0.8820960521697998], "step": 12}]}, "loss": {"direction": "min", "observations": [{"value": [0.37989941239356995], "step": 12}]}, "val_accuracy": {"direction": "max", "observations": [{"value": [0.8620689511299133], "step": 12}]}, "val_loss": {"direction": "min", "observations": [{"value": [0.32948067784309387], "step": 12}]}}}, "score": 0.8620689511299133, "best_step": 12, "status": "COMPLETED", "message": null}