{"trial_id": "317", "hyperparameters": {"space": [{"class_name": "Float", "config": {"name": "lambda_L2", "default": 1e-05, "conditions": [], "min_value": 1e-05, "max_value": 1.0, "step": null, "sampling": "log"}}, {"class_name": "Int", "config": {"name": "depth", "default": null, "conditions": [], "min_value": 1, "max_value": 5, "step": 1, "sampling": "linear"}}, {"class_name": "Int", "config": {"name": "n_first", "default": null, "conditions": [], "min_value": 10, "max_value": 100, "step": null, "sampling": "log"}}, {"class_name": "Int", "config": {"name": "n_others", "default": null, "conditions": [], "min_value": 5, "max_value": 50, "step": null, "sampling": "log"}}, {"class_name": "Float", "config": {"name": "dropout", "default": 0.1, "conditions": [], "min_value": 0.1, "max_value": 0.5, "step": null, "sampling": "linear"}}, {"class_name": "Choice", "config": {"name": "activation", "default": "relu", "conditions": [], "values": ["relu", "sigmoid"], "ordered": false}}, {"class_name": "Float", "config": {"name": "learning_rate", "default": 0.0001, "conditions": [], "min_value": 0.0001, "max_value": 0.1, "step": null, "sampling": "log"}}], "values": {"lambda_L2": 0.0427797980886586, "depth": 2, "n_first": 48, "n_others": 17, "dropout": 0.4662241777099141, "activation": "relu", "learning_rate": 0.00013646957787243668}}, "metrics": {"metrics": {"accuracy": {"direction": "max", "observations": [{"value": [0.6419214010238647], "step": 29}]}, "loss": {"direction": "min", "observations": [{"value": [4.193234443664551], "step": 29}]}, "val_accuracy": {"direction": "max", "observations": [{"value": [0.568965494632721], "step": 29}]}, "val_loss": {"direction": "min", "observations": [{"value": [4.178771495819092], "step": 29}]}}}, "score": 0.568965494632721, "best_step": 29, "status": "COMPLETED", "message": null}