{"trial_id": "083", "hyperparameters": {"space": [{"class_name": "Float", "config": {"name": "lambda_L2", "default": 1e-05, "conditions": [], "min_value": 1e-05, "max_value": 1.0, "step": null, "sampling": "log"}}, {"class_name": "Int", "config": {"name": "depth", "default": null, "conditions": [], "min_value": 1, "max_value": 5, "step": 1, "sampling": "linear"}}, {"class_name": "Int", "config": {"name": "n_first", "default": null, "conditions": [], "min_value": 10, "max_value": 100, "step": null, "sampling": "log"}}, {"class_name": "Int", "config": {"name": "n_others", "default": null, "conditions": [], "min_value": 5, "max_value": 50, "step": null, "sampling": "log"}}, {"class_name": "Float", "config": {"name": "dropout", "default": 0.1, "conditions": [], "min_value": 0.1, "max_value": 0.5, "step": null, "sampling": "linear"}}, {"class_name": "Choice", "config": {"name": "activation", "default": "relu", "conditions": [], "values": ["relu", "sigmoid"], "ordered": false}}, {"class_name": "Float", "config": {"name": "learning_rate", "default": 0.0001, "conditions": [], "min_value": 0.0001, "max_value": 0.1, "step": null, "sampling": "log"}}], "values": {"lambda_L2": 0.0033032928661640274, "depth": 3, "n_first": 44, "n_others": 7, "dropout": 0.1191345119228517, "activation": "relu", "learning_rate": 0.027022072684496766}}, "metrics": {"metrics": {"accuracy": {"direction": "max", "observations": [{"value": [0.8515284061431885], "step": 14}]}, "loss": {"direction": "min", "observations": [{"value": [0.4872109293937683], "step": 14}]}, "val_accuracy": {"direction": "max", "observations": [{"value": [0.9137930870056152], "step": 14}]}, "val_loss": {"direction": "min", "observations": [{"value": [0.41754984855651855], "step": 14}]}}}, "score": 0.9137930870056152, "best_step": 14, "status": "COMPLETED", "message": null}