{"trial_id": "397", "hyperparameters": {"space": [{"class_name": "Float", "config": {"name": "lambda_L2", "default": 1e-05, "conditions": [], "min_value": 1e-05, "max_value": 1.0, "step": null, "sampling": "log"}}, {"class_name": "Int", "config": {"name": "depth", "default": null, "conditions": [], "min_value": 1, "max_value": 5, "step": 1, "sampling": "linear"}}, {"class_name": "Int", "config": {"name": "n_first", "default": null, "conditions": [], "min_value": 10, "max_value": 100, "step": null, "sampling": "log"}}, {"class_name": "Int", "config": {"name": "n_others", "default": null, "conditions": [], "min_value": 5, "max_value": 50, "step": null, "sampling": "log"}}, {"class_name": "Float", "config": {"name": "dropout", "default": 0.1, "conditions": [], "min_value": 0.1, "max_value": 0.5, "step": null, "sampling": "linear"}}, {"class_name": "Choice", "config": {"name": "activation", "default": "relu", "conditions": [], "values": ["relu", "sigmoid"], "ordered": false}}, {"class_name": "Float", "config": {"name": "learning_rate", "default": 0.0001, "conditions": [], "min_value": 0.0001, "max_value": 0.1, "step": null, "sampling": "log"}}], "values": {"lambda_L2": 4.7966519943147464e-05, "depth": 1, "n_first": 39, "n_others": 19, "dropout": 0.20606011185714512, "activation": "sigmoid", "learning_rate": 0.012395151911155367}}, "metrics": {"metrics": {"accuracy": {"direction": "max", "observations": [{"value": [0.7772925496101379], "step": 3}]}, "loss": {"direction": "min", "observations": [{"value": [0.5578681826591492], "step": 3}]}, "val_accuracy": {"direction": "max", "observations": [{"value": [0.8448275923728943], "step": 3}]}, "val_loss": {"direction": "min", "observations": [{"value": [0.5149250626564026], "step": 3}]}}}, "score": 0.8448275923728943, "best_step": 3, "status": "COMPLETED", "message": null}