{"trial_id": "315", "hyperparameters": {"space": [{"class_name": "Float", "config": {"name": "lambda_L2", "default": 1e-05, "conditions": [], "min_value": 1e-05, "max_value": 1.0, "step": null, "sampling": "log"}}, {"class_name": "Int", "config": {"name": "depth", "default": null, "conditions": [], "min_value": 1, "max_value": 5, "step": 1, "sampling": "linear"}}, {"class_name": "Int", "config": {"name": "n_first", "default": null, "conditions": [], "min_value": 10, "max_value": 100, "step": null, "sampling": "log"}}, {"class_name": "Int", "config": {"name": "n_others", "default": null, "conditions": [], "min_value": 5, "max_value": 50, "step": null, "sampling": "log"}}, {"class_name": "Float", "config": {"name": "dropout", "default": 0.1, "conditions": [], "min_value": 0.1, "max_value": 0.5, "step": null, "sampling": "linear"}}, {"class_name": "Choice", "config": {"name": "activation", "default": "relu", "conditions": [], "values": ["relu", "sigmoid"], "ordered": false}}, {"class_name": "Float", "config": {"name": "learning_rate", "default": 0.0001, "conditions": [], "min_value": 0.0001, "max_value": 0.1, "step": null, "sampling": "log"}}], "values": {"lambda_L2": 0.0001109731553704633, "depth": 3, "n_first": 79, "n_others": 17, "dropout": 0.201371774800553, "activation": "relu", "learning_rate": 0.00020185883929442895}}, "metrics": {"metrics": {"accuracy": {"direction": "max", "observations": [{"value": [0.8602620363235474], "step": 31}]}, "loss": {"direction": "min", "observations": [{"value": [0.5471919775009155], "step": 31}]}, "val_accuracy": {"direction": "max", "observations": [{"value": [0.8448275923728943], "step": 31}]}, "val_loss": {"direction": "min", "observations": [{"value": [0.4982438385486603], "step": 31}]}}}, "score": 0.8448275923728943, "best_step": 31, "status": "COMPLETED", "message": null}