{"trial_id": "417", "hyperparameters": {"space": [{"class_name": "Float", "config": {"name": "lambda_L2", "default": 1e-05, "conditions": [], "min_value": 1e-05, "max_value": 1.0, "step": null, "sampling": "log"}}, {"class_name": "Int", "config": {"name": "depth", "default": null, "conditions": [], "min_value": 1, "max_value": 5, "step": 1, "sampling": "linear"}}, {"class_name": "Int", "config": {"name": "n_first", "default": null, "conditions": [], "min_value": 10, "max_value": 100, "step": null, "sampling": "log"}}, {"class_name": "Int", "config": {"name": "n_others", "default": null, "conditions": [], "min_value": 5, "max_value": 50, "step": null, "sampling": "log"}}, {"class_name": "Float", "config": {"name": "dropout", "default": 0.1, "conditions": [], "min_value": 0.1, "max_value": 0.5, "step": null, "sampling": "linear"}}, {"class_name": "Choice", "config": {"name": "activation", "default": "relu", "conditions": [], "values": ["relu", "sigmoid"], "ordered": false}}, {"class_name": "Float", "config": {"name": "learning_rate", "default": 0.0001, "conditions": [], "min_value": 0.0001, "max_value": 0.1, "step": null, "sampling": "log"}}], "values": {"lambda_L2": 0.002514472547651616, "depth": 1, "n_first": 86, "n_others": 19, "dropout": 0.3943489788755907, "activation": "sigmoid", "learning_rate": 0.031882612034091894}}, "metrics": {"metrics": {"accuracy": {"direction": "max", "observations": [{"value": [0.5240174531936646], "step": 30}]}, "loss": {"direction": "min", "observations": [{"value": [0.693351686000824], "step": 30}]}, "val_accuracy": {"direction": "max", "observations": [{"value": [0.5344827771186829], "step": 30}]}, "val_loss": {"direction": "min", "observations": [{"value": [0.69500732421875], "step": 30}]}}}, "score": 0.5344827771186829, "best_step": 30, "status": "COMPLETED", "message": null}