{"trial_id": "308", "hyperparameters": {"space": [{"class_name": "Float", "config": {"name": "lambda_L2", "default": 1e-05, "conditions": [], "min_value": 1e-05, "max_value": 1.0, "step": null, "sampling": "log"}}, {"class_name": "Int", "config": {"name": "depth", "default": null, "conditions": [], "min_value": 1, "max_value": 5, "step": 1, "sampling": "linear"}}, {"class_name": "Int", "config": {"name": "n_first", "default": null, "conditions": [], "min_value": 10, "max_value": 100, "step": null, "sampling": "log"}}, {"class_name": "Int", "config": {"name": "n_others", "default": null, "conditions": [], "min_value": 5, "max_value": 50, "step": null, "sampling": "log"}}, {"class_name": "Float", "config": {"name": "dropout", "default": 0.1, "conditions": [], "min_value": 0.1, "max_value": 0.5, "step": null, "sampling": "linear"}}, {"class_name": "Choice", "config": {"name": "activation", "default": "relu", "conditions": [], "values": ["relu", "sigmoid"], "ordered": false}}, {"class_name": "Float", "config": {"name": "learning_rate", "default": 0.0001, "conditions": [], "min_value": 0.0001, "max_value": 0.1, "step": null, "sampling": "log"}}], "values": {"lambda_L2": 0.0002454129398284251, "depth": 2, "n_first": 18, "n_others": 12, "dropout": 0.25847311808824147, "activation": "relu", "learning_rate": 0.028016883512194047}}, "metrics": {"metrics": {"accuracy": {"direction": "max", "observations": [{"value": [0.864628791809082], "step": 5}]}, "loss": {"direction": "min", "observations": [{"value": [0.41647472977638245], "step": 5}]}, "val_accuracy": {"direction": "max", "observations": [{"value": [0.8793103694915771], "step": 5}]}, "val_loss": {"direction": "min", "observations": [{"value": [0.3463295102119446], "step": 5}]}}}, "score": 0.8793103694915771, "best_step": 5, "status": "COMPLETED", "message": null}