{"trial_id": "303", "hyperparameters": {"space": [{"class_name": "Float", "config": {"name": "lambda_L2", "default": 1e-05, "conditions": [], "min_value": 1e-05, "max_value": 1.0, "step": null, "sampling": "log"}}, {"class_name": "Int", "config": {"name": "depth", "default": null, "conditions": [], "min_value": 1, "max_value": 5, "step": 1, "sampling": "linear"}}, {"class_name": "Int", "config": {"name": "n_first", "default": null, "conditions": [], "min_value": 10, "max_value": 100, "step": null, "sampling": "log"}}, {"class_name": "Int", "config": {"name": "n_others", "default": null, "conditions": [], "min_value": 5, "max_value": 50, "step": null, "sampling": "log"}}, {"class_name": "Float", "config": {"name": "dropout", "default": 0.1, "conditions": [], "min_value": 0.1, "max_value": 0.5, "step": null, "sampling": "linear"}}, {"class_name": "Choice", "config": {"name": "activation", "default": "relu", "conditions": [], "values": ["relu", "sigmoid"], "ordered": false}}, {"class_name": "Float", "config": {"name": "learning_rate", "default": 0.0001, "conditions": [], "min_value": 0.0001, "max_value": 0.1, "step": null, "sampling": "log"}}], "values": {"lambda_L2": 0.024531819315302718, "depth": 2, "n_first": 47, "n_others": 31, "dropout": 0.3015700956743862, "activation": "relu", "learning_rate": 0.00011946863883107857}}, "metrics": {"metrics": {"accuracy": {"direction": "max", "observations": [{"value": [0.7860261797904968], "step": 93}]}, "loss": {"direction": "min", "observations": [{"value": [2.235499143600464], "step": 93}]}, "val_accuracy": {"direction": "max", "observations": [{"value": [0.7413793206214905], "step": 93}]}, "val_loss": {"direction": "min", "observations": [{"value": [2.2604312896728516], "step": 93}]}}}, "score": 0.7413793206214905, "best_step": 93, "status": "COMPLETED", "message": null}