{"trial_id": "028", "hyperparameters": {"space": [{"class_name": "Float", "config": {"name": "lambda_L2", "default": 1e-05, "conditions": [], "min_value": 1e-05, "max_value": 1.0, "step": null, "sampling": "log"}}, {"class_name": "Int", "config": {"name": "depth", "default": null, "conditions": [], "min_value": 1, "max_value": 5, "step": 1, "sampling": "linear"}}, {"class_name": "Int", "config": {"name": "n_first", "default": null, "conditions": [], "min_value": 10, "max_value": 100, "step": null, "sampling": "log"}}, {"class_name": "Int", "config": {"name": "n_others", "default": null, "conditions": [], "min_value": 5, "max_value": 50, "step": null, "sampling": "log"}}, {"class_name": "Float", "config": {"name": "dropout", "default": 0.1, "conditions": [], "min_value": 0.1, "max_value": 0.5, "step": null, "sampling": "linear"}}, {"class_name": "Choice", "config": {"name": "activation", "default": "relu", "conditions": [], "values": ["relu", "sigmoid"], "ordered": false}}, {"class_name": "Float", "config": {"name": "learning_rate", "default": 0.0001, "conditions": [], "min_value": 0.0001, "max_value": 0.1, "step": null, "sampling": "log"}}], "values": {"lambda_L2": 0.005118240515365612, "depth": 4, "n_first": 48, "n_others": 6, "dropout": 0.10759478156187421, "activation": "relu", "learning_rate": 0.0011869740769647585}}, "metrics": {"metrics": {"accuracy": {"direction": "max", "observations": [{"value": [0.6943231225013733], "step": 30}]}, "loss": {"direction": "min", "observations": [{"value": [0.7463166117668152], "step": 30}]}, "val_accuracy": {"direction": "max", "observations": [{"value": [0.8448275923728943], "step": 30}]}, "val_loss": {"direction": "min", "observations": [{"value": [0.7364312410354614], "step": 30}]}}}, "score": 0.8448275923728943, "best_step": 30, "status": "COMPLETED", "message": null}