{"trial_id": "474", "hyperparameters": {"space": [{"class_name": "Float", "config": {"name": "lambda_L2", "default": 1e-05, "conditions": [], "min_value": 1e-05, "max_value": 1.0, "step": null, "sampling": "log"}}, {"class_name": "Int", "config": {"name": "depth", "default": null, "conditions": [], "min_value": 1, "max_value": 5, "step": 1, "sampling": "linear"}}, {"class_name": "Int", "config": {"name": "n_first", "default": null, "conditions": [], "min_value": 10, "max_value": 100, "step": null, "sampling": "log"}}, {"class_name": "Int", "config": {"name": "n_others", "default": null, "conditions": [], "min_value": 5, "max_value": 50, "step": null, "sampling": "log"}}, {"class_name": "Float", "config": {"name": "dropout", "default": 0.1, "conditions": [], "min_value": 0.1, "max_value": 0.5, "step": null, "sampling": "linear"}}, {"class_name": "Choice", "config": {"name": "activation", "default": "relu", "conditions": [], "values": ["relu", "sigmoid"], "ordered": false}}, {"class_name": "Float", "config": {"name": "learning_rate", "default": 0.0001, "conditions": [], "min_value": 0.0001, "max_value": 0.1, "step": null, "sampling": "log"}}], "values": {"lambda_L2": 0.019204882826827956, "depth": 5, "n_first": 19, "n_others": 9, "dropout": 0.20995707504517705, "activation": "relu", "learning_rate": 0.00031785936866373}}, "metrics": {"metrics": {"accuracy": {"direction": "max", "observations": [{"value": [0.5414847135543823], "step": 0}]}, "loss": {"direction": "min", "observations": [{"value": [2.9735519886016846], "step": 0}]}, "val_accuracy": {"direction": "max", "observations": [{"value": [0.517241358757019], "step": 0}]}, "val_loss": {"direction": "min", "observations": [{"value": [2.954401969909668], "step": 0}]}}}, "score": 0.517241358757019, "best_step": 0, "status": "COMPLETED", "message": null}