{"trial_id": "363", "hyperparameters": {"space": [{"class_name": "Float", "config": {"name": "lambda_L2", "default": 1e-05, "conditions": [], "min_value": 1e-05, "max_value": 1.0, "step": null, "sampling": "log"}}, {"class_name": "Int", "config": {"name": "depth", "default": null, "conditions": [], "min_value": 1, "max_value": 5, "step": 1, "sampling": "linear"}}, {"class_name": "Int", "config": {"name": "n_first", "default": null, "conditions": [], "min_value": 10, "max_value": 100, "step": null, "sampling": "log"}}, {"class_name": "Int", "config": {"name": "n_others", "default": null, "conditions": [], "min_value": 5, "max_value": 50, "step": null, "sampling": "log"}}, {"class_name": "Float", "config": {"name": "dropout", "default": 0.1, "conditions": [], "min_value": 0.1, "max_value": 0.5, "step": null, "sampling": "linear"}}, {"class_name": "Choice", "config": {"name": "activation", "default": "relu", "conditions": [], "values": ["relu", "sigmoid"], "ordered": false}}, {"class_name": "Float", "config": {"name": "learning_rate", "default": 0.0001, "conditions": [], "min_value": 0.0001, "max_value": 0.1, "step": null, "sampling": "log"}}], "values": {"lambda_L2": 6.159110347088233e-05, "depth": 1, "n_first": 32, "n_others": 20, "dropout": 0.39300572870405626, "activation": "sigmoid", "learning_rate": 0.002845451772907472}}, "metrics": {"metrics": {"accuracy": {"direction": "max", "observations": [{"value": [0.6943231225013733], "step": 13}]}, "loss": {"direction": "min", "observations": [{"value": [0.6106727719306946], "step": 13}]}, "val_accuracy": {"direction": "max", "observations": [{"value": [0.8448275923728943], "step": 13}]}, "val_loss": {"direction": "min", "observations": [{"value": [0.5764865279197693], "step": 13}]}}}, "score": 0.8448275923728943, "best_step": 13, "status": "COMPLETED", "message": null}