{"trial_id": "065", "hyperparameters": {"space": [{"class_name": "Float", "config": {"name": "lambda_L2", "default": 1e-05, "conditions": [], "min_value": 1e-05, "max_value": 1.0, "step": null, "sampling": "log"}}, {"class_name": "Int", "config": {"name": "depth", "default": null, "conditions": [], "min_value": 1, "max_value": 5, "step": 1, "sampling": "linear"}}, {"class_name": "Int", "config": {"name": "n_first", "default": null, "conditions": [], "min_value": 10, "max_value": 100, "step": null, "sampling": "log"}}, {"class_name": "Int", "config": {"name": "n_others", "default": null, "conditions": [], "min_value": 5, "max_value": 50, "step": null, "sampling": "log"}}, {"class_name": "Float", "config": {"name": "dropout", "default": 0.1, "conditions": [], "min_value": 0.1, "max_value": 0.5, "step": null, "sampling": "linear"}}, {"class_name": "Choice", "config": {"name": "activation", "default": "relu", "conditions": [], "values": ["relu", "sigmoid"], "ordered": false}}, {"class_name": "Float", "config": {"name": "learning_rate", "default": 0.0001, "conditions": [], "min_value": 0.0001, "max_value": 0.1, "step": null, "sampling": "log"}}], "values": {"lambda_L2": 0.16107733753153158, "depth": 1, "n_first": 10, "n_others": 12, "dropout": 0.4893602680424153, "activation": "relu", "learning_rate": 0.00032798042553871447}}, "metrics": {"metrics": {"accuracy": {"direction": "max", "observations": [{"value": [0.5982532501220703], "step": 21}]}, "loss": {"direction": "min", "observations": [{"value": [4.9885029792785645], "step": 21}]}, "val_accuracy": {"direction": "max", "observations": [{"value": [0.8965517282485962], "step": 21}]}, "val_loss": {"direction": "min", "observations": [{"value": [4.905568599700928], "step": 21}]}}}, "score": 0.8965517282485962, "best_step": 21, "status": "COMPLETED", "message": null}