{"trial_id": "476", "hyperparameters": {"space": [{"class_name": "Float", "config": {"name": "lambda_L2", "default": 1e-05, "conditions": [], "min_value": 1e-05, "max_value": 1.0, "step": null, "sampling": "log"}}, {"class_name": "Int", "config": {"name": "depth", "default": null, "conditions": [], "min_value": 1, "max_value": 5, "step": 1, "sampling": "linear"}}, {"class_name": "Int", "config": {"name": "n_first", "default": null, "conditions": [], "min_value": 10, "max_value": 100, "step": null, "sampling": "log"}}, {"class_name": "Int", "config": {"name": "n_others", "default": null, "conditions": [], "min_value": 5, "max_value": 50, "step": null, "sampling": "log"}}, {"class_name": "Float", "config": {"name": "dropout", "default": 0.1, "conditions": [], "min_value": 0.1, "max_value": 0.5, "step": null, "sampling": "linear"}}, {"class_name": "Choice", "config": {"name": "activation", "default": "relu", "conditions": [], "values": ["relu", "sigmoid"], "ordered": false}}, {"class_name": "Float", "config": {"name": "learning_rate", "default": 0.0001, "conditions": [], "min_value": 0.0001, "max_value": 0.1, "step": null, "sampling": "log"}}], "values": {"lambda_L2": 0.015811516006834128, "depth": 3, "n_first": 52, "n_others": 14, "dropout": 0.24113110857267164, "activation": "relu", "learning_rate": 0.0008773696815258875}}, "metrics": {"metrics": {"accuracy": {"direction": "max", "observations": [{"value": [0.7816593647003174], "step": 42}]}, "loss": {"direction": "min", "observations": [{"value": [0.8200846314430237], "step": 42}]}, "val_accuracy": {"direction": "max", "observations": [{"value": [0.8448275923728943], "step": 42}]}, "val_loss": {"direction": "min", "observations": [{"value": [0.8123869895935059], "step": 42}]}}}, "score": 0.8448275923728943, "best_step": 42, "status": "COMPLETED", "message": null}