{"trial_id": "495", "hyperparameters": {"space": [{"class_name": "Float", "config": {"name": "lambda_L2", "default": 1e-05, "conditions": [], "min_value": 1e-05, "max_value": 1.0, "step": null, "sampling": "log"}}, {"class_name": "Int", "config": {"name": "depth", "default": null, "conditions": [], "min_value": 1, "max_value": 5, "step": 1, "sampling": "linear"}}, {"class_name": "Int", "config": {"name": "n_first", "default": null, "conditions": [], "min_value": 10, "max_value": 100, "step": null, "sampling": "log"}}, {"class_name": "Int", "config": {"name": "n_others", "default": null, "conditions": [], "min_value": 5, "max_value": 50, "step": null, "sampling": "log"}}, {"class_name": "Float", "config": {"name": "dropout", "default": 0.1, "conditions": [], "min_value": 0.1, "max_value": 0.5, "step": null, "sampling": "linear"}}, {"class_name": "Choice", "config": {"name": "activation", "default": "relu", "conditions": [], "values": ["relu", "sigmoid"], "ordered": false}}, {"class_name": "Float", "config": {"name": "learning_rate", "default": 0.0001, "conditions": [], "min_value": 0.0001, "max_value": 0.1, "step": null, "sampling": "log"}}], "values": {"lambda_L2": 0.00011555306367394033, "depth": 3, "n_first": 16, "n_others": 38, "dropout": 0.23927567245392745, "activation": "sigmoid", "learning_rate": 0.003892470760042933}}, "metrics": {"metrics": {"accuracy": {"direction": "max", "observations": [{"value": [0.5240174531936646], "step": 4}]}, "loss": {"direction": "min", "observations": [{"value": [0.7139952778816223], "step": 4}]}, "val_accuracy": {"direction": "max", "observations": [{"value": [0.5344827771186829], "step": 4}]}, "val_loss": {"direction": "min", "observations": [{"value": [0.7075889706611633], "step": 4}]}}}, "score": 0.5344827771186829, "best_step": 4, "status": "COMPLETED", "message": null}