{"trial_id": "132", "hyperparameters": {"space": [{"class_name": "Float", "config": {"name": "lambda_L2", "default": 1e-05, "conditions": [], "min_value": 1e-05, "max_value": 1.0, "step": null, "sampling": "log"}}, {"class_name": "Int", "config": {"name": "depth", "default": null, "conditions": [], "min_value": 1, "max_value": 5, "step": 1, "sampling": "linear"}}, {"class_name": "Int", "config": {"name": "n_first", "default": null, "conditions": [], "min_value": 10, "max_value": 100, "step": null, "sampling": "log"}}, {"class_name": "Int", "config": {"name": "n_others", "default": null, "conditions": [], "min_value": 5, "max_value": 50, "step": null, "sampling": "log"}}, {"class_name": "Float", "config": {"name": "dropout", "default": 0.1, "conditions": [], "min_value": 0.1, "max_value": 0.5, "step": null, "sampling": "linear"}}, {"class_name": "Choice", "config": {"name": "activation", "default": "relu", "conditions": [], "values": ["relu", "sigmoid"], "ordered": false}}, {"class_name": "Float", "config": {"name": "learning_rate", "default": 0.0001, "conditions": [], "min_value": 0.0001, "max_value": 0.1, "step": null, "sampling": "log"}}], "values": {"lambda_L2": 0.004643576888574453, "depth": 1, "n_first": 10, "n_others": 5, "dropout": 0.35915590662611363, "activation": "sigmoid", "learning_rate": 0.00017277781749261341}}, "metrics": {"metrics": {"accuracy": {"direction": "max", "observations": [{"value": [0.471615731716156], "step": 61}]}, "loss": {"direction": "min", "observations": [{"value": [0.7992264628410339], "step": 61}]}, "val_accuracy": {"direction": "max", "observations": [{"value": [0.7068965435028076], "step": 61}]}, "val_loss": {"direction": "min", "observations": [{"value": [0.767382800579071], "step": 61}]}}}, "score": 0.7068965435028076, "best_step": 61, "status": "COMPLETED", "message": null}