{"trial_id": "134", "hyperparameters": {"space": [{"class_name": "Float", "config": {"name": "lambda_L2", "default": 1e-05, "conditions": [], "min_value": 1e-05, "max_value": 1.0, "step": null, "sampling": "log"}}, {"class_name": "Int", "config": {"name": "depth", "default": null, "conditions": [], "min_value": 1, "max_value": 5, "step": 1, "sampling": "linear"}}, {"class_name": "Int", "config": {"name": "n_first", "default": null, "conditions": [], "min_value": 10, "max_value": 100, "step": null, "sampling": "log"}}, {"class_name": "Int", "config": {"name": "n_others", "default": null, "conditions": [], "min_value": 5, "max_value": 50, "step": null, "sampling": "log"}}, {"class_name": "Float", "config": {"name": "dropout", "default": 0.1, "conditions": [], "min_value": 0.1, "max_value": 0.5, "step": null, "sampling": "linear"}}, {"class_name": "Choice", "config": {"name": "activation", "default": "relu", "conditions": [], "values": ["relu", "sigmoid"], "ordered": false}}, {"class_name": "Float", "config": {"name": "learning_rate", "default": 0.0001, "conditions": [], "min_value": 0.0001, "max_value": 0.1, "step": null, "sampling": "log"}}], "values": {"lambda_L2": 5.3757887722377745e-05, "depth": 4, "n_first": 62, "n_others": 27, "dropout": 0.2737244821625052, "activation": "relu", "learning_rate": 0.00437564506127006}}, "metrics": {"metrics": {"accuracy": {"direction": "max", "observations": [{"value": [0.9257642030715942], "step": 19}]}, "loss": {"direction": "min", "observations": [{"value": [0.24313877522945404], "step": 19}]}, "val_accuracy": {"direction": "max", "observations": [{"value": [0.8793103694915771], "step": 19}]}, "val_loss": {"direction": "min", "observations": [{"value": [0.35377174615859985], "step": 19}]}}}, "score": 0.8793103694915771, "best_step": 19, "status": "COMPLETED", "message": null}