{"trial_id": "279", "hyperparameters": {"space": [{"class_name": "Float", "config": {"name": "lambda_L2", "default": 1e-05, "conditions": [], "min_value": 1e-05, "max_value": 1.0, "step": null, "sampling": "log"}}, {"class_name": "Int", "config": {"name": "depth", "default": null, "conditions": [], "min_value": 1, "max_value": 5, "step": 1, "sampling": "linear"}}, {"class_name": "Int", "config": {"name": "n_first", "default": null, "conditions": [], "min_value": 10, "max_value": 100, "step": null, "sampling": "log"}}, {"class_name": "Int", "config": {"name": "n_others", "default": null, "conditions": [], "min_value": 5, "max_value": 50, "step": null, "sampling": "log"}}, {"class_name": "Float", "config": {"name": "dropout", "default": 0.1, "conditions": [], "min_value": 0.1, "max_value": 0.5, "step": null, "sampling": "linear"}}, {"class_name": "Choice", "config": {"name": "activation", "default": "relu", "conditions": [], "values": ["relu", "sigmoid"], "ordered": false}}, {"class_name": "Float", "config": {"name": "learning_rate", "default": 0.0001, "conditions": [], "min_value": 0.0001, "max_value": 0.1, "step": null, "sampling": "log"}}], "values": {"lambda_L2": 1.7327559747160452e-05, "depth": 5, "n_first": 34, "n_others": 7, "dropout": 0.3280981378947708, "activation": "relu", "learning_rate": 0.0019055315984341545}}, "metrics": {"metrics": {"accuracy": {"direction": "max", "observations": [{"value": [0.8122270703315735], "step": 29}]}, "loss": {"direction": "min", "observations": [{"value": [0.5108298063278198], "step": 29}]}, "val_accuracy": {"direction": "max", "observations": [{"value": [0.8793103694915771], "step": 29}]}, "val_loss": {"direction": "min", "observations": [{"value": [0.5155808925628662], "step": 29}]}}}, "score": 0.8793103694915771, "best_step": 29, "status": "COMPLETED", "message": null}