{"trial_id": "382", "hyperparameters": {"space": [{"class_name": "Float", "config": {"name": "lambda_L2", "default": 1e-05, "conditions": [], "min_value": 1e-05, "max_value": 1.0, "step": null, "sampling": "log"}}, {"class_name": "Int", "config": {"name": "depth", "default": null, "conditions": [], "min_value": 1, "max_value": 5, "step": 1, "sampling": "linear"}}, {"class_name": "Int", "config": {"name": "n_first", "default": null, "conditions": [], "min_value": 10, "max_value": 100, "step": null, "sampling": "log"}}, {"class_name": "Int", "config": {"name": "n_others", "default": null, "conditions": [], "min_value": 5, "max_value": 50, "step": null, "sampling": "log"}}, {"class_name": "Float", "config": {"name": "dropout", "default": 0.1, "conditions": [], "min_value": 0.1, "max_value": 0.5, "step": null, "sampling": "linear"}}, {"class_name": "Choice", "config": {"name": "activation", "default": "relu", "conditions": [], "values": ["relu", "sigmoid"], "ordered": false}}, {"class_name": "Float", "config": {"name": "learning_rate", "default": 0.0001, "conditions": [], "min_value": 0.0001, "max_value": 0.1, "step": null, "sampling": "log"}}], "values": {"lambda_L2": 2.9819889906416864e-05, "depth": 1, "n_first": 47, "n_others": 38, "dropout": 0.1279151110808046, "activation": "sigmoid", "learning_rate": 0.017701409798820636}}, "metrics": {"metrics": {"accuracy": {"direction": "max", "observations": [{"value": [0.8253275156021118], "step": 2}]}, "loss": {"direction": "min", "observations": [{"value": [0.4765211343765259], "step": 2}]}, "val_accuracy": {"direction": "max", "observations": [{"value": [0.8448275923728943], "step": 2}]}, "val_loss": {"direction": "min", "observations": [{"value": [0.40601789951324463], "step": 2}]}}}, "score": 0.8448275923728943, "best_step": 2, "status": "COMPLETED", "message": null}