{"trial_id": "347", "hyperparameters": {"space": [{"class_name": "Float", "config": {"name": "lambda_L2", "default": 1e-05, "conditions": [], "min_value": 1e-05, "max_value": 1.0, "step": null, "sampling": "log"}}, {"class_name": "Int", "config": {"name": "depth", "default": null, "conditions": [], "min_value": 1, "max_value": 5, "step": 1, "sampling": "linear"}}, {"class_name": "Int", "config": {"name": "n_first", "default": null, "conditions": [], "min_value": 10, "max_value": 100, "step": null, "sampling": "log"}}, {"class_name": "Int", "config": {"name": "n_others", "default": null, "conditions": [], "min_value": 5, "max_value": 50, "step": null, "sampling": "log"}}, {"class_name": "Float", "config": {"name": "dropout", "default": 0.1, "conditions": [], "min_value": 0.1, "max_value": 0.5, "step": null, "sampling": "linear"}}, {"class_name": "Choice", "config": {"name": "activation", "default": "relu", "conditions": [], "values": ["relu", "sigmoid"], "ordered": false}}, {"class_name": "Float", "config": {"name": "learning_rate", "default": 0.0001, "conditions": [], "min_value": 0.0001, "max_value": 0.1, "step": null, "sampling": "log"}}], "values": {"lambda_L2": 0.2416915579420591, "depth": 2, "n_first": 15, "n_others": 34, "dropout": 0.2914603272648937, "activation": "relu", "learning_rate": 0.0005206338019372081}}, "metrics": {"metrics": {"accuracy": {"direction": "max", "observations": [{"value": [0.5633187890052795], "step": 1}]}, "loss": {"direction": "min", "observations": [{"value": [32.51457977294922], "step": 1}]}, "val_accuracy": {"direction": "max", "observations": [{"value": [0.4655172526836395], "step": 1}]}, "val_loss": {"direction": "min", "observations": [{"value": [31.725627899169922], "step": 1}]}}}, "score": 0.4655172526836395, "best_step": 1, "status": "COMPLETED", "message": null}