{"trial_id": "312", "hyperparameters": {"space": [{"class_name": "Float", "config": {"name": "lambda_L2", "default": 1e-05, "conditions": [], "min_value": 1e-05, "max_value": 1.0, "step": null, "sampling": "log"}}, {"class_name": "Int", "config": {"name": "depth", "default": null, "conditions": [], "min_value": 1, "max_value": 5, "step": 1, "sampling": "linear"}}, {"class_name": "Int", "config": {"name": "n_first", "default": null, "conditions": [], "min_value": 10, "max_value": 100, "step": null, "sampling": "log"}}, {"class_name": "Int", "config": {"name": "n_others", "default": null, "conditions": [], "min_value": 5, "max_value": 50, "step": null, "sampling": "log"}}, {"class_name": "Float", "config": {"name": "dropout", "default": 0.1, "conditions": [], "min_value": 0.1, "max_value": 0.5, "step": null, "sampling": "linear"}}, {"class_name": "Choice", "config": {"name": "activation", "default": "relu", "conditions": [], "values": ["relu", "sigmoid"], "ordered": false}}, {"class_name": "Float", "config": {"name": "learning_rate", "default": 0.0001, "conditions": [], "min_value": 0.0001, "max_value": 0.1, "step": null, "sampling": "log"}}], "values": {"lambda_L2": 0.5939068655490934, "depth": 3, "n_first": 15, "n_others": 28, "dropout": 0.43422440890177005, "activation": "relu", "learning_rate": 0.0002695249178132638}}, "metrics": {"metrics": {"accuracy": {"direction": "max", "observations": [{"value": [0.4978165924549103], "step": 7}]}, "loss": {"direction": "min", "observations": [{"value": [93.0829086303711], "step": 7}]}, "val_accuracy": {"direction": "max", "observations": [{"value": [0.5862069129943848], "step": 7}]}, "val_loss": {"direction": "min", "observations": [{"value": [91.9834213256836], "step": 7}]}}}, "score": 0.5862069129943848, "best_step": 7, "status": "COMPLETED", "message": null}