{"trial_id": "427", "hyperparameters": {"space": [{"class_name": "Float", "config": {"name": "lambda_L2", "default": 1e-05, "conditions": [], "min_value": 1e-05, "max_value": 1.0, "step": null, "sampling": "log"}}, {"class_name": "Int", "config": {"name": "depth", "default": null, "conditions": [], "min_value": 1, "max_value": 5, "step": 1, "sampling": "linear"}}, {"class_name": "Int", "config": {"name": "n_first", "default": null, "conditions": [], "min_value": 10, "max_value": 100, "step": null, "sampling": "log"}}, {"class_name": "Int", "config": {"name": "n_others", "default": null, "conditions": [], "min_value": 5, "max_value": 50, "step": null, "sampling": "log"}}, {"class_name": "Float", "config": {"name": "dropout", "default": 0.1, "conditions": [], "min_value": 0.1, "max_value": 0.5, "step": null, "sampling": "linear"}}, {"class_name": "Choice", "config": {"name": "activation", "default": "relu", "conditions": [], "values": ["relu", "sigmoid"], "ordered": false}}, {"class_name": "Float", "config": {"name": "learning_rate", "default": 0.0001, "conditions": [], "min_value": 0.0001, "max_value": 0.1, "step": null, "sampling": "log"}}], "values": {"lambda_L2": 0.00012068997587094079, "depth": 1, "n_first": 16, "n_others": 6, "dropout": 0.3012510780447054, "activation": "sigmoid", "learning_rate": 0.0019433229272919263}}, "metrics": {"metrics": {"accuracy": {"direction": "max", "observations": [{"value": [0.5065501928329468], "step": 3}]}, "loss": {"direction": "min", "observations": [{"value": [0.7110857367515564], "step": 3}]}, "val_accuracy": {"direction": "max", "observations": [{"value": [0.6724137663841248], "step": 3}]}, "val_loss": {"direction": "min", "observations": [{"value": [0.6959745287895203], "step": 3}]}}}, "score": 0.6724137663841248, "best_step": 3, "status": "COMPLETED", "message": null}