{"trial_id": "334", "hyperparameters": {"space": [{"class_name": "Float", "config": {"name": "lambda_L2", "default": 1e-05, "conditions": [], "min_value": 1e-05, "max_value": 1.0, "step": null, "sampling": "log"}}, {"class_name": "Int", "config": {"name": "depth", "default": null, "conditions": [], "min_value": 1, "max_value": 5, "step": 1, "sampling": "linear"}}, {"class_name": "Int", "config": {"name": "n_first", "default": null, "conditions": [], "min_value": 10, "max_value": 100, "step": null, "sampling": "log"}}, {"class_name": "Int", "config": {"name": "n_others", "default": null, "conditions": [], "min_value": 5, "max_value": 50, "step": null, "sampling": "log"}}, {"class_name": "Float", "config": {"name": "dropout", "default": 0.1, "conditions": [], "min_value": 0.1, "max_value": 0.5, "step": null, "sampling": "linear"}}, {"class_name": "Choice", "config": {"name": "activation", "default": "relu", "conditions": [], "values": ["relu", "sigmoid"], "ordered": false}}, {"class_name": "Float", "config": {"name": "learning_rate", "default": 0.0001, "conditions": [], "min_value": 0.0001, "max_value": 0.1, "step": null, "sampling": "log"}}], "values": {"lambda_L2": 0.027502547399092088, "depth": 3, "n_first": 11, "n_others": 43, "dropout": 0.2733665678299555, "activation": "relu", "learning_rate": 0.00023923100957595495}}, "metrics": {"metrics": {"accuracy": {"direction": "max", "observations": [{"value": [0.5196506381034851], "step": 4}]}, "loss": {"direction": "min", "observations": [{"value": [6.87938117980957], "step": 4}]}, "val_accuracy": {"direction": "max", "observations": [{"value": [0.7758620977401733], "step": 4}]}, "val_loss": {"direction": "min", "observations": [{"value": [6.797083377838135], "step": 4}]}}}, "score": 0.7758620977401733, "best_step": 4, "status": "COMPLETED", "message": null}