{"trial_id": "423", "hyperparameters": {"space": [{"class_name": "Float", "config": {"name": "lambda_L2", "default": 1e-05, "conditions": [], "min_value": 1e-05, "max_value": 1.0, "step": null, "sampling": "log"}}, {"class_name": "Int", "config": {"name": "depth", "default": null, "conditions": [], "min_value": 1, "max_value": 5, "step": 1, "sampling": "linear"}}, {"class_name": "Int", "config": {"name": "n_first", "default": null, "conditions": [], "min_value": 10, "max_value": 100, "step": null, "sampling": "log"}}, {"class_name": "Int", "config": {"name": "n_others", "default": null, "conditions": [], "min_value": 5, "max_value": 50, "step": null, "sampling": "log"}}, {"class_name": "Float", "config": {"name": "dropout", "default": 0.1, "conditions": [], "min_value": 0.1, "max_value": 0.5, "step": null, "sampling": "linear"}}, {"class_name": "Choice", "config": {"name": "activation", "default": "relu", "conditions": [], "values": ["relu", "sigmoid"], "ordered": false}}, {"class_name": "Float", "config": {"name": "learning_rate", "default": 0.0001, "conditions": [], "min_value": 0.0001, "max_value": 0.1, "step": null, "sampling": "log"}}], "values": {"lambda_L2": 0.0028772663771024754, "depth": 2, "n_first": 10, "n_others": 15, "dropout": 0.36080242734761925, "activation": "relu", "learning_rate": 0.09550613248701754}}, "metrics": {"metrics": {"accuracy": {"direction": "max", "observations": [{"value": [0.8165938854217529], "step": 17}]}, "loss": {"direction": "min", "observations": [{"value": [0.5367644429206848], "step": 17}]}, "val_accuracy": {"direction": "max", "observations": [{"value": [0.8448275923728943], "step": 17}]}, "val_loss": {"direction": "min", "observations": [{"value": [0.45836931467056274], "step": 17}]}}}, "score": 0.8448275923728943, "best_step": 17, "status": "COMPLETED", "message": null}