{"trial_id": "284", "hyperparameters": {"space": [{"class_name": "Float", "config": {"name": "lambda_L2", "default": 1e-05, "conditions": [], "min_value": 1e-05, "max_value": 1.0, "step": null, "sampling": "log"}}, {"class_name": "Int", "config": {"name": "depth", "default": null, "conditions": [], "min_value": 1, "max_value": 5, "step": 1, "sampling": "linear"}}, {"class_name": "Int", "config": {"name": "n_first", "default": null, "conditions": [], "min_value": 10, "max_value": 100, "step": null, "sampling": "log"}}, {"class_name": "Int", "config": {"name": "n_others", "default": null, "conditions": [], "min_value": 5, "max_value": 50, "step": null, "sampling": "log"}}, {"class_name": "Float", "config": {"name": "dropout", "default": 0.1, "conditions": [], "min_value": 0.1, "max_value": 0.5, "step": null, "sampling": "linear"}}, {"class_name": "Choice", "config": {"name": "activation", "default": "relu", "conditions": [], "values": ["relu", "sigmoid"], "ordered": false}}, {"class_name": "Float", "config": {"name": "learning_rate", "default": 0.0001, "conditions": [], "min_value": 0.0001, "max_value": 0.1, "step": null, "sampling": "log"}}], "values": {"lambda_L2": 0.0022232400738060334, "depth": 5, "n_first": 71, "n_others": 6, "dropout": 0.3216435352523196, "activation": "relu", "learning_rate": 0.002809729628411717}}, "metrics": {"metrics": {"accuracy": {"direction": "max", "observations": [{"value": [0.7336244583129883], "step": 20}]}, "loss": {"direction": "min", "observations": [{"value": [0.6182222962379456], "step": 20}]}, "val_accuracy": {"direction": "max", "observations": [{"value": [0.8620689511299133], "step": 20}]}, "val_loss": {"direction": "min", "observations": [{"value": [0.5619855523109436], "step": 20}]}}}, "score": 0.8620689511299133, "best_step": 20, "status": "COMPLETED", "message": null}