{"trial_id": "139", "hyperparameters": {"space": [{"class_name": "Float", "config": {"name": "lambda_L2", "default": 1e-05, "conditions": [], "min_value": 1e-05, "max_value": 1.0, "step": null, "sampling": "log"}}, {"class_name": "Int", "config": {"name": "depth", "default": null, "conditions": [], "min_value": 1, "max_value": 5, "step": 1, "sampling": "linear"}}, {"class_name": "Int", "config": {"name": "n_first", "default": null, "conditions": [], "min_value": 10, "max_value": 100, "step": null, "sampling": "log"}}, {"class_name": "Int", "config": {"name": "n_others", "default": null, "conditions": [], "min_value": 5, "max_value": 50, "step": null, "sampling": "log"}}, {"class_name": "Float", "config": {"name": "dropout", "default": 0.1, "conditions": [], "min_value": 0.1, "max_value": 0.5, "step": null, "sampling": "linear"}}, {"class_name": "Choice", "config": {"name": "activation", "default": "relu", "conditions": [], "values": ["relu", "sigmoid"], "ordered": false}}, {"class_name": "Float", "config": {"name": "learning_rate", "default": 0.0001, "conditions": [], "min_value": 0.0001, "max_value": 0.1, "step": null, "sampling": "log"}}], "values": {"lambda_L2": 0.0001818198369311344, "depth": 2, "n_first": 28, "n_others": 35, "dropout": 0.32989048204054333, "activation": "sigmoid", "learning_rate": 0.005231454200219487}}, "metrics": {"metrics": {"accuracy": {"direction": "max", "observations": [{"value": [0.49344977736473083], "step": 2}]}, "loss": {"direction": "min", "observations": [{"value": [0.7304320931434631], "step": 2}]}, "val_accuracy": {"direction": "max", "observations": [{"value": [0.5344827771186829], "step": 2}]}, "val_loss": {"direction": "min", "observations": [{"value": [0.7110512256622314], "step": 2}]}}}, "score": 0.5344827771186829, "best_step": 2, "status": "COMPLETED", "message": null}