{"trial_id": "172", "hyperparameters": {"space": [{"class_name": "Float", "config": {"name": "lambda_L2", "default": 1e-05, "conditions": [], "min_value": 1e-05, "max_value": 1.0, "step": null, "sampling": "log"}}, {"class_name": "Int", "config": {"name": "depth", "default": null, "conditions": [], "min_value": 1, "max_value": 5, "step": 1, "sampling": "linear"}}, {"class_name": "Int", "config": {"name": "n_first", "default": null, "conditions": [], "min_value": 10, "max_value": 100, "step": null, "sampling": "log"}}, {"class_name": "Int", "config": {"name": "n_others", "default": null, "conditions": [], "min_value": 5, "max_value": 50, "step": null, "sampling": "log"}}, {"class_name": "Float", "config": {"name": "dropout", "default": 0.1, "conditions": [], "min_value": 0.1, "max_value": 0.5, "step": null, "sampling": "linear"}}, {"class_name": "Choice", "config": {"name": "activation", "default": "relu", "conditions": [], "values": ["relu", "sigmoid"], "ordered": false}}, {"class_name": "Float", "config": {"name": "learning_rate", "default": 0.0001, "conditions": [], "min_value": 0.0001, "max_value": 0.1, "step": null, "sampling": "log"}}], "values": {"lambda_L2": 0.00014230364634628827, "depth": 2, "n_first": 15, "n_others": 8, "dropout": 0.26524975573039045, "activation": "relu", "learning_rate": 0.006357498926548944}}, "metrics": {"metrics": {"accuracy": {"direction": "max", "observations": [{"value": [0.8384279608726501], "step": 10}]}, "loss": {"direction": "min", "observations": [{"value": [0.39168107509613037], "step": 10}]}, "val_accuracy": {"direction": "max", "observations": [{"value": [0.8275862336158752], "step": 10}]}, "val_loss": {"direction": "min", "observations": [{"value": [0.37331974506378174], "step": 10}]}}}, "score": 0.8275862336158752, "best_step": 10, "status": "COMPLETED", "message": null}