{"trial_id": "346", "hyperparameters": {"space": [{"class_name": "Float", "config": {"name": "lambda_L2", "default": 1e-05, "conditions": [], "min_value": 1e-05, "max_value": 1.0, "step": null, "sampling": "log"}}, {"class_name": "Int", "config": {"name": "depth", "default": null, "conditions": [], "min_value": 1, "max_value": 5, "step": 1, "sampling": "linear"}}, {"class_name": "Int", "config": {"name": "n_first", "default": null, "conditions": [], "min_value": 10, "max_value": 100, "step": null, "sampling": "log"}}, {"class_name": "Int", "config": {"name": "n_others", "default": null, "conditions": [], "min_value": 5, "max_value": 50, "step": null, "sampling": "log"}}, {"class_name": "Float", "config": {"name": "dropout", "default": 0.1, "conditions": [], "min_value": 0.1, "max_value": 0.5, "step": null, "sampling": "linear"}}, {"class_name": "Choice", "config": {"name": "activation", "default": "relu", "conditions": [], "values": ["relu", "sigmoid"], "ordered": false}}, {"class_name": "Float", "config": {"name": "learning_rate", "default": 0.0001, "conditions": [], "min_value": 0.0001, "max_value": 0.1, "step": null, "sampling": "log"}}], "values": {"lambda_L2": 1.0032162757818444e-05, "depth": 2, "n_first": 11, "n_others": 11, "dropout": 0.25897168347063715, "activation": "sigmoid", "learning_rate": 0.008172191834030592}}, "metrics": {"metrics": {"accuracy": {"direction": "max", "observations": [{"value": [0.864628791809082], "step": 26}]}, "loss": {"direction": "min", "observations": [{"value": [0.3935025930404663], "step": 26}]}, "val_accuracy": {"direction": "max", "observations": [{"value": [0.8793103694915771], "step": 26}]}, "val_loss": {"direction": "min", "observations": [{"value": [0.37291258573532104], "step": 26}]}}}, "score": 0.8793103694915771, "best_step": 26, "status": "COMPLETED", "message": null}