{"trial_id": "496", "hyperparameters": {"space": [{"class_name": "Float", "config": {"name": "lambda_L2", "default": 1e-05, "conditions": [], "min_value": 1e-05, "max_value": 1.0, "step": null, "sampling": "log"}}, {"class_name": "Int", "config": {"name": "depth", "default": null, "conditions": [], "min_value": 1, "max_value": 5, "step": 1, "sampling": "linear"}}, {"class_name": "Int", "config": {"name": "n_first", "default": null, "conditions": [], "min_value": 10, "max_value": 100, "step": null, "sampling": "log"}}, {"class_name": "Int", "config": {"name": "n_others", "default": null, "conditions": [], "min_value": 5, "max_value": 50, "step": null, "sampling": "log"}}, {"class_name": "Float", "config": {"name": "dropout", "default": 0.1, "conditions": [], "min_value": 0.1, "max_value": 0.5, "step": null, "sampling": "linear"}}, {"class_name": "Choice", "config": {"name": "activation", "default": "relu", "conditions": [], "values": ["relu", "sigmoid"], "ordered": false}}, {"class_name": "Float", "config": {"name": "learning_rate", "default": 0.0001, "conditions": [], "min_value": 0.0001, "max_value": 0.1, "step": null, "sampling": "log"}}], "values": {"lambda_L2": 0.29838193546556235, "depth": 1, "n_first": 81, "n_others": 24, "dropout": 0.38185381242375505, "activation": "sigmoid", "learning_rate": 0.00020035907024604303}}, "metrics": {"metrics": {"accuracy": {"direction": "max", "observations": [{"value": [0.528384268283844], "step": 28}]}, "loss": {"direction": "min", "observations": [{"value": [18.173643112182617], "step": 28}]}, "val_accuracy": {"direction": "max", "observations": [{"value": [0.568965494632721], "step": 28}]}, "val_loss": {"direction": "min", "observations": [{"value": [17.961894989013672], "step": 28}]}}}, "score": 0.568965494632721, "best_step": 28, "status": "COMPLETED", "message": null}