{"trial_id": "238", "hyperparameters": {"space": [{"class_name": "Float", "config": {"name": "lambda_L2", "default": 1e-05, "conditions": [], "min_value": 1e-05, "max_value": 1.0, "step": null, "sampling": "log"}}, {"class_name": "Int", "config": {"name": "depth", "default": null, "conditions": [], "min_value": 1, "max_value": 5, "step": 1, "sampling": "linear"}}, {"class_name": "Int", "config": {"name": "n_first", "default": null, "conditions": [], "min_value": 10, "max_value": 100, "step": null, "sampling": "log"}}, {"class_name": "Int", "config": {"name": "n_others", "default": null, "conditions": [], "min_value": 5, "max_value": 50, "step": null, "sampling": "log"}}, {"class_name": "Float", "config": {"name": "dropout", "default": 0.1, "conditions": [], "min_value": 0.1, "max_value": 0.5, "step": null, "sampling": "linear"}}, {"class_name": "Choice", "config": {"name": "activation", "default": "relu", "conditions": [], "values": ["relu", "sigmoid"], "ordered": false}}, {"class_name": "Float", "config": {"name": "learning_rate", "default": 0.0001, "conditions": [], "min_value": 0.0001, "max_value": 0.1, "step": null, "sampling": "log"}}], "values": {"lambda_L2": 2.0852681689906813e-05, "depth": 1, "n_first": 10, "n_others": 7, "dropout": 0.4171359354098054, "activation": "sigmoid", "learning_rate": 0.001231927266239317}}, "metrics": {"metrics": {"accuracy": {"direction": "max", "observations": [{"value": [0.6855894923210144], "step": 58}]}, "loss": {"direction": "min", "observations": [{"value": [0.5778433680534363], "step": 58}]}, "val_accuracy": {"direction": "max", "observations": [{"value": [0.8448275923728943], "step": 58}]}, "val_loss": {"direction": "min", "observations": [{"value": [0.5606886744499207], "step": 58}]}}}, "score": 0.8448275923728943, "best_step": 58, "status": "COMPLETED", "message": null}