{"trial_id": "222", "hyperparameters": {"space": [{"class_name": "Float", "config": {"name": "lambda_L2", "default": 1e-05, "conditions": [], "min_value": 1e-05, "max_value": 1.0, "step": null, "sampling": "log"}}, {"class_name": "Int", "config": {"name": "depth", "default": null, "conditions": [], "min_value": 1, "max_value": 5, "step": 1, "sampling": "linear"}}, {"class_name": "Int", "config": {"name": "n_first", "default": null, "conditions": [], "min_value": 10, "max_value": 100, "step": null, "sampling": "log"}}, {"class_name": "Int", "config": {"name": "n_others", "default": null, "conditions": [], "min_value": 5, "max_value": 50, "step": null, "sampling": "log"}}, {"class_name": "Float", "config": {"name": "dropout", "default": 0.1, "conditions": [], "min_value": 0.1, "max_value": 0.5, "step": null, "sampling": "linear"}}, {"class_name": "Choice", "config": {"name": "activation", "default": "relu", "conditions": [], "values": ["relu", "sigmoid"], "ordered": false}}, {"class_name": "Float", "config": {"name": "learning_rate", "default": 0.0001, "conditions": [], "min_value": 0.0001, "max_value": 0.1, "step": null, "sampling": "log"}}], "values": {"lambda_L2": 0.00833455866169246, "depth": 3, "n_first": 40, "n_others": 30, "dropout": 0.2320051941986897, "activation": "relu", "learning_rate": 0.0006544879891698117}}, "metrics": {"metrics": {"accuracy": {"direction": "max", "observations": [{"value": [0.8034934401512146], "step": 13}]}, "loss": {"direction": "min", "observations": [{"value": [1.5646352767944336], "step": 13}]}, "val_accuracy": {"direction": "max", "observations": [{"value": [0.8275862336158752], "step": 13}]}, "val_loss": {"direction": "min", "observations": [{"value": [1.5213180780410767], "step": 13}]}}}, "score": 0.8275862336158752, "best_step": 13, "status": "COMPLETED", "message": null}