{"trial_id": "452", "hyperparameters": {"space": [{"class_name": "Float", "config": {"name": "lambda_L2", "default": 1e-05, "conditions": [], "min_value": 1e-05, "max_value": 1.0, "step": null, "sampling": "log"}}, {"class_name": "Int", "config": {"name": "depth", "default": null, "conditions": [], "min_value": 1, "max_value": 5, "step": 1, "sampling": "linear"}}, {"class_name": "Int", "config": {"name": "n_first", "default": null, "conditions": [], "min_value": 10, "max_value": 100, "step": null, "sampling": "log"}}, {"class_name": "Int", "config": {"name": "n_others", "default": null, "conditions": [], "min_value": 5, "max_value": 50, "step": null, "sampling": "log"}}, {"class_name": "Float", "config": {"name": "dropout", "default": 0.1, "conditions": [], "min_value": 0.1, "max_value": 0.5, "step": null, "sampling": "linear"}}, {"class_name": "Choice", "config": {"name": "activation", "default": "relu", "conditions": [], "values": ["relu", "sigmoid"], "ordered": false}}, {"class_name": "Float", "config": {"name": "learning_rate", "default": 0.0001, "conditions": [], "min_value": 0.0001, "max_value": 0.1, "step": null, "sampling": "log"}}], "values": {"lambda_L2": 0.1706017674224296, "depth": 3, "n_first": 21, "n_others": 8, "dropout": 0.329334063606046, "activation": "sigmoid", "learning_rate": 0.0008952721236993915}}, "metrics": {"metrics": {"accuracy": {"direction": "max", "observations": [{"value": [0.4410480260848999], "step": 0}]}, "loss": {"direction": "min", "observations": [{"value": [14.347884178161621], "step": 0}]}, "val_accuracy": {"direction": "max", "observations": [{"value": [0.5344827771186829], "step": 0}]}, "val_loss": {"direction": "min", "observations": [{"value": [13.8382568359375], "step": 0}]}}}, "score": 0.5344827771186829, "best_step": 0, "status": "COMPLETED", "message": null}