{"trial_id": "047", "hyperparameters": {"space": [{"class_name": "Float", "config": {"name": "lambda_L2", "default": 1e-05, "conditions": [], "min_value": 1e-05, "max_value": 1.0, "step": null, "sampling": "log"}}, {"class_name": "Int", "config": {"name": "depth", "default": null, "conditions": [], "min_value": 1, "max_value": 5, "step": 1, "sampling": "linear"}}, {"class_name": "Int", "config": {"name": "n_first", "default": null, "conditions": [], "min_value": 10, "max_value": 100, "step": null, "sampling": "log"}}, {"class_name": "Int", "config": {"name": "n_others", "default": null, "conditions": [], "min_value": 5, "max_value": 50, "step": null, "sampling": "log"}}, {"class_name": "Float", "config": {"name": "dropout", "default": 0.1, "conditions": [], "min_value": 0.1, "max_value": 0.5, "step": null, "sampling": "linear"}}, {"class_name": "Choice", "config": {"name": "activation", "default": "relu", "conditions": [], "values": ["relu", "sigmoid"], "ordered": false}}, {"class_name": "Float", "config": {"name": "learning_rate", "default": 0.0001, "conditions": [], "min_value": 0.0001, "max_value": 0.1, "step": null, "sampling": "log"}}], "values": {"lambda_L2": 0.0008151779747894275, "depth": 4, "n_first": 35, "n_others": 15, "dropout": 0.17886503524315944, "activation": "sigmoid", "learning_rate": 0.05182366293272953}}, "metrics": {"metrics": {"accuracy": {"direction": "max", "observations": [{"value": [0.471615731716156], "step": 8}]}, "loss": {"direction": "min", "observations": [{"value": [0.7002103328704834], "step": 8}]}, "val_accuracy": {"direction": "max", "observations": [{"value": [0.5344827771186829], "step": 8}]}, "val_loss": {"direction": "min", "observations": [{"value": [0.6978675723075867], "step": 8}]}}}, "score": 0.5344827771186829, "best_step": 8, "status": "COMPLETED", "message": null}