{"trial_id": "430", "hyperparameters": {"space": [{"class_name": "Float", "config": {"name": "lambda_L2", "default": 1e-05, "conditions": [], "min_value": 1e-05, "max_value": 1.0, "step": null, "sampling": "log"}}, {"class_name": "Int", "config": {"name": "depth", "default": null, "conditions": [], "min_value": 1, "max_value": 5, "step": 1, "sampling": "linear"}}, {"class_name": "Int", "config": {"name": "n_first", "default": null, "conditions": [], "min_value": 10, "max_value": 100, "step": null, "sampling": "log"}}, {"class_name": "Int", "config": {"name": "n_others", "default": null, "conditions": [], "min_value": 5, "max_value": 50, "step": null, "sampling": "log"}}, {"class_name": "Float", "config": {"name": "dropout", "default": 0.1, "conditions": [], "min_value": 0.1, "max_value": 0.5, "step": null, "sampling": "linear"}}, {"class_name": "Choice", "config": {"name": "activation", "default": "relu", "conditions": [], "values": ["relu", "sigmoid"], "ordered": false}}, {"class_name": "Float", "config": {"name": "learning_rate", "default": 0.0001, "conditions": [], "min_value": 0.0001, "max_value": 0.1, "step": null, "sampling": "log"}}], "values": {"lambda_L2": 8.761019668763583e-05, "depth": 4, "n_first": 50, "n_others": 28, "dropout": 0.20339470038430574, "activation": "relu", "learning_rate": 0.0171722362546923}}, "metrics": {"metrics": {"accuracy": {"direction": "max", "observations": [{"value": [0.9082969427108765], "step": 20}]}, "loss": {"direction": "min", "observations": [{"value": [0.2999745011329651], "step": 20}]}, "val_accuracy": {"direction": "max", "observations": [{"value": [0.8620689511299133], "step": 20}]}, "val_loss": {"direction": "min", "observations": [{"value": [0.47264406085014343], "step": 20}]}}}, "score": 0.8620689511299133, "best_step": 20, "status": "COMPLETED", "message": null}