{"trial_id": "425", "hyperparameters": {"space": [{"class_name": "Float", "config": {"name": "lambda_L2", "default": 1e-05, "conditions": [], "min_value": 1e-05, "max_value": 1.0, "step": null, "sampling": "log"}}, {"class_name": "Int", "config": {"name": "depth", "default": null, "conditions": [], "min_value": 1, "max_value": 5, "step": 1, "sampling": "linear"}}, {"class_name": "Int", "config": {"name": "n_first", "default": null, "conditions": [], "min_value": 10, "max_value": 100, "step": null, "sampling": "log"}}, {"class_name": "Int", "config": {"name": "n_others", "default": null, "conditions": [], "min_value": 5, "max_value": 50, "step": null, "sampling": "log"}}, {"class_name": "Float", "config": {"name": "dropout", "default": 0.1, "conditions": [], "min_value": 0.1, "max_value": 0.5, "step": null, "sampling": "linear"}}, {"class_name": "Choice", "config": {"name": "activation", "default": "relu", "conditions": [], "values": ["relu", "sigmoid"], "ordered": false}}, {"class_name": "Float", "config": {"name": "learning_rate", "default": 0.0001, "conditions": [], "min_value": 0.0001, "max_value": 0.1, "step": null, "sampling": "log"}}], "values": {"lambda_L2": 0.023338387608908346, "depth": 4, "n_first": 20, "n_others": 15, "dropout": 0.426098886165831, "activation": "sigmoid", "learning_rate": 0.011724702127950806}}, "metrics": {"metrics": {"accuracy": {"direction": "max", "observations": [{"value": [0.5371178984642029], "step": 0}]}, "loss": {"direction": "min", "observations": [{"value": [3.410027027130127], "step": 0}]}, "val_accuracy": {"direction": "max", "observations": [{"value": [0.4655172526836395], "step": 0}]}, "val_loss": {"direction": "min", "observations": [{"value": [2.3958380222320557], "step": 0}]}}}, "score": 0.4655172526836395, "best_step": 0, "status": "COMPLETED", "message": null}