{"trial_id": "322", "hyperparameters": {"space": [{"class_name": "Float", "config": {"name": "lambda_L2", "default": 1e-05, "conditions": [], "min_value": 1e-05, "max_value": 1.0, "step": null, "sampling": "log"}}, {"class_name": "Int", "config": {"name": "depth", "default": null, "conditions": [], "min_value": 1, "max_value": 5, "step": 1, "sampling": "linear"}}, {"class_name": "Int", "config": {"name": "n_first", "default": null, "conditions": [], "min_value": 10, "max_value": 100, "step": null, "sampling": "log"}}, {"class_name": "Int", "config": {"name": "n_others", "default": null, "conditions": [], "min_value": 5, "max_value": 50, "step": null, "sampling": "log"}}, {"class_name": "Float", "config": {"name": "dropout", "default": 0.1, "conditions": [], "min_value": 0.1, "max_value": 0.5, "step": null, "sampling": "linear"}}, {"class_name": "Choice", "config": {"name": "activation", "default": "relu", "conditions": [], "values": ["relu", "sigmoid"], "ordered": false}}, {"class_name": "Float", "config": {"name": "learning_rate", "default": 0.0001, "conditions": [], "min_value": 0.0001, "max_value": 0.1, "step": null, "sampling": "log"}}], "values": {"lambda_L2": 3.478759727006844e-05, "depth": 4, "n_first": 91, "n_others": 16, "dropout": 0.3594440427134803, "activation": "relu", "learning_rate": 0.00013933460688397026}}, "metrics": {"metrics": {"accuracy": {"direction": "max", "observations": [{"value": [0.8253275156021118], "step": 51}]}, "loss": {"direction": "min", "observations": [{"value": [0.54991215467453], "step": 51}]}, "val_accuracy": {"direction": "max", "observations": [{"value": [0.8103448152542114], "step": 51}]}, "val_loss": {"direction": "min", "observations": [{"value": [0.566041111946106], "step": 51}]}}}, "score": 0.8103448152542114, "best_step": 51, "status": "COMPLETED", "message": null}