{"trial_id": "224", "hyperparameters": {"space": [{"class_name": "Float", "config": {"name": "lambda_L2", "default": 1e-05, "conditions": [], "min_value": 1e-05, "max_value": 1.0, "step": null, "sampling": "log"}}, {"class_name": "Int", "config": {"name": "depth", "default": null, "conditions": [], "min_value": 1, "max_value": 5, "step": 1, "sampling": "linear"}}, {"class_name": "Int", "config": {"name": "n_first", "default": null, "conditions": [], "min_value": 10, "max_value": 100, "step": null, "sampling": "log"}}, {"class_name": "Int", "config": {"name": "n_others", "default": null, "conditions": [], "min_value": 5, "max_value": 50, "step": null, "sampling": "log"}}, {"class_name": "Float", "config": {"name": "dropout", "default": 0.1, "conditions": [], "min_value": 0.1, "max_value": 0.5, "step": null, "sampling": "linear"}}, {"class_name": "Choice", "config": {"name": "activation", "default": "relu", "conditions": [], "values": ["relu", "sigmoid"], "ordered": false}}, {"class_name": "Float", "config": {"name": "learning_rate", "default": 0.0001, "conditions": [], "min_value": 0.0001, "max_value": 0.1, "step": null, "sampling": "log"}}], "values": {"lambda_L2": 0.0799270788643606, "depth": 2, "n_first": 27, "n_others": 24, "dropout": 0.43016750252236446, "activation": "sigmoid", "learning_rate": 0.00012653527261153127}}, "metrics": {"metrics": {"accuracy": {"direction": "max", "observations": [{"value": [0.5371178984642029], "step": 0}]}, "loss": {"direction": "min", "observations": [{"value": [10.648296356201172], "step": 0}]}, "val_accuracy": {"direction": "max", "observations": [{"value": [0.4655172526836395], "step": 0}]}, "val_loss": {"direction": "min", "observations": [{"value": [10.594156265258789], "step": 0}]}}}, "score": 0.4655172526836395, "best_step": 0, "status": "COMPLETED", "message": null}