{"ongoing_trials": {}, "hyperparameters": {"space": [{"class_name": "Float", "config": {"name": "lambda_L2", "default": 1e-05, "conditions": [], "min_value": 1e-05, "max_value": 1.0, "step": null, "sampling": "log"}}, {"class_name": "Int", "config": {"name": "depth", "default": null, "conditions": [], "min_value": 1, "max_value": 5, "step": 1, "sampling": "linear"}}, {"class_name": "Int", "config": {"name": "n_first", "default": null, "conditions": [], "min_value": 10, "max_value": 100, "step": null, "sampling": "log"}}, {"class_name": "Int", "config": {"name": "n_others", "default": null, "conditions": [], "min_value": 5, "max_value": 50, "step": null, "sampling": "log"}}, {"class_name": "Float", "config": {"name": "dropout", "default": 0.1, "conditions": [], "min_value": 0.1, "max_value": 0.5, "step": null, "sampling": "linear"}}, {"class_name": "Choice", "config": {"name": "activation", "default": "relu", "conditions": [], "values": ["relu", "sigmoid"], "ordered": false}}, {"class_name": "Float", "config": {"name": "learning_rate", "default": 0.0001, "conditions": [], "min_value": 0.0001, "max_value": 0.1, "step": null, "sampling": "log"}}], "values": {"lambda_L2": 1e-05, "depth": 1, "n_first": 10, "n_others": 5, "dropout": 0.1, "activation": "relu", "learning_rate": 0.0001}}, "start_order": ["000", "001", "002", "003", "004", "005", "006", "007", "008", "009", "010", "011", "012", "013", "014", "015", "016", "017", "018", "019", "020", "021", "022", "023", "024", "025", "026", "027", "028", "029", "030", "031", "032", "033", "034", "035", "036", "037", "038", "039", "040", "041", "042", "043", "044", "045", "046", "047", "048", "049", "050", "051", "052", "053", "054", "055", "056", "057", "058", "059", "060", "061", "062", "063", "064", "065", "066", "067", "068", "069", "070", "071", "072", "073", "074", "075", "076", "077", "078", "079", "080", "081", "082", "083", "084", "085", "086", "087", "088", "089", "090", "091", "092", "093", "094", "095", "096", "097", "098", "099", "100", "101", "102", "103", "104", "105", "106", "107", "108", "109", "110", "111", "112", "113", "114", "115", "116", "117", "118", "119", "120", "121", "122", "123", "124", "125", "126", "127", "128", "129", "130", "131", "132", "133", "134", "135", "136", "137", "138", "139", "140", "141", "142", "143", "144", "145", "146", "147", "148", "149", "150", "151", "152", "153", "154", "155", "156", "157", "158", "159", "160", "161", "162", "163", "164", "165", "166", "167", "168", "169", "170", "171", "172", "173", "174", "175", "176", "177", "178", "179", "180", "181", "182", "183", "184", "185", "186", "187", "188", "189", "190", "191", "192", "193", "194", "195", "196", "197", "198", "199", "200", "201", "202", "203", "204", "205", "206", "207", "208", "209", "210", "211", "212", "213", "214", "215", "216", "217", "218", "219", "220", "221", "222", "223", "224", "225", "226", "227", "228", "229", "230", "231", "232", "233", "234", "235", "236", "237", "238", "239", "240", "241", "242", "243", "244", "245", "246", "247", "248", "249", "250", "251", "252", "253", "254", "255", "256", "257", "258", "259", "260", "261", "262", "263", "264", "265", "266", "267", "268", "269", "270", "271", "272", "273", "274", "275", "276", "277", "278", "279", "280", "281", "282", "283", "284", "285", "286", "287", "288", "289", "290", "291", "292", "293", "294", "295", "296", "297", "298", "299", "300", "301", "302", "303", "304", "305", "306", "307", "308", "309", "310", "311", "312", "313", "314", "315", "316", "317", "318", "319", "320", "321", "322", "323", "324", "325", "326", "327", "328", "329", "330", "331", "332", "333", "334", "335", "336", "337", "338", "339", "340", "341", "342", "343", "344", "345", "346", "347", "348", "349", "350", "351", "352", "353", "354", "355", "356", "357", "358", "359", "360", "361", "362", "363", "364", "365", "366", "367", "368", "369", "370", "371", "372", "373", "374", "375", "376", "377", "378", "379", "380", "381", "382", "383", "384", "385", "386", "387", "388", "389", "390", "391", "392", "393", "394", "395", "396", "397", "398", "399", "400", "401", "402", "403", "404", "405", "406", "407", "408", "409", "410", "411", "412", "413", "414", "415", "416", "417", "418", "419", "420", "421", "422", "423", "424", "425", "426", "427", "428", "429", "430", "431", "432", "433", "434", "435", "436", "437", "438", "439", "440", "441", "442", "443", "444", "445", "446", "447", "448", "449", "450", "451", "452", "453", "454", "455", "456", "457", "458", "459", "460", "461", "462", "463", "464", "465", "466", "467", "468", "469", "470", "471", "472", "473", "474", "475", "476", "477", "478", "479", "480", "481", "482", "483", "484", "485", "486", "487", "488", "489", "490", "491", "492", "493", "494", "495", "496", "497", "498", "499"], "end_order": ["000", "001", "002", "003", "004", "005", "006", "007", "008", "009", "010", "011", "012", "013", "014", "015", "016", "017", "018", "019", "020", "021", "022", "023", "024", "025", "026", "027", "028", "029", "030", "031", "032", "033", "034", "035", "036", "037", "038", "039", "040", "041", "042", "043", "044", "045", "046", "047", "048", "049", "050", "051", "052", "053", "054", "055", "056", "057", "058", "059", "060", "061", "062", "063", "064", "065", "066", "067", "068", "069", "070", "071", "072", "073", "074", "075", "076", "077", "078", "079", "080", "081", "082", "083", "084", "085", "086", "087", "088", "089", "090", "091", "092", "093", "094", "095", "096", "097", "098", "099", "100", "101", "102", "103", "104", "105", "106", "107", "108", "109", "110", "111", "112", "113", "114", "115", "116", "117", "118", "119", "120", "121", "122", "123", "124", "125", "126", "127", "128", "129", "130", "131", "132", "133", "134", "135", "136", "137", "138", "139", "140", "141", "142", "143", "144", "145", "146", "147", "148", "149", "150", "151", "152", "153", "154", "155", "156", "157", "158", "159", "160", "161", "162", "163", "164", "165", "166", "167", "168", "169", "170", "171", "172", "173", "174", "175", "176", "177", "178", "179", "180", "181", "182", "183", "184", "185", "186", "187", "188", "189", "190", "191", "192", "193", "194", "195", "196", "197", "198", "199", "200", "201", "202", "203", "204", "205", "206", "207", "208", "209", "210", "211", "212", "213", "214", "215", "216", "217", "218", "219", "220", "221", "222", "223", "224", "225", "226", "227", "228", "229", "230", "231", "232", "233", "234", "235", "236", "237", "238", "239", "240", "241", "242", "243", "244", "245", "246", "247", "248", "249", "250", "251", "252", "253", "254", "255", "256", "257", "258", "259", "260", "261", "262", "263", "264", "265", "266", "267", "268", "269", "270", "271", "272", "273", "274", "275", "276", "277", "278", "279", "280", "281", "282", "283", "284", "285", "286", "287", "288", "289", "290", "291", "292", "293", "294", "295", "296", "297", "298", "299", "300", "301", "302", "303", "304", "305", "306", "307", "308", "309", "310", "311", "312", "313", "314", "315", "316", "317", "318", "319", "320", "321", "322", "323", "324", "325", "326", "327", "328", "329", "330", "331", "332", "333", "334", "335", "336", "337", "338", "339", "340", "341", "342", "343", "344", "345", "346", "347", "348", "349", "350", "351", "352", "353", "354", "355", "356", "357", "358", "359", "360", "361", "362", "363", "364", "365", "366", "367", "368", "369", "370", "371", "372", "373", "374", "375", "376", "377", "378", "379", "380", "381", "382", "383", "384", "385", "386", "387", "388", "389", "390", "391", "392", "393", "394", "395", "396", "397", "398", "399", "400", "401", "402", "403", "404", "405", "406", "407", "408", "409", "410", "411", "412", "413", "414", "415", "416", "417", "418", "419", "420", "421", "422", "423", "424", "425", "426", "427", "428", "429", "430", "431", "432", "433", "434", "435", "436", "437", "438", "439", "440", "441", "442", "443", "444", "445", "446", "447", "448", "449", "450", "451", "452", "453", "454", "455", "456", "457", "458", "459", "460", "461", "462", "463", "464", "465", "466", "467", "468", "469", "470", "471", "472", "473", "474", "475", "476", "477", "478", "479", "480", "481", "482", "483", "484", "485", "486", "487", "488", "489", "490", "491", "492", "493", "494", "495", "496", "497", "498", "499"], "run_times": {"000": 1, "001": 1, "002": 1, "003": 1, "004": 1, "005": 1, "006": 1, "007": 1, "008": 1, "009": 1, "010": 1, "011": 1, "012": 1, "013": 1, "014": 1, "015": 1, "016": 1, "017": 1, "018": 1, "019": 1, "020": 1, "021": 1, "022": 1, "023": 1, "024": 1, "025": 1, "026": 1, "027": 1, "028": 1, "029": 1, "030": 1, "031": 1, "032": 1, "033": 1, "034": 1, "035": 1, "036": 1, "037": 1, "038": 1, "039": 1, "040": 1, "041": 1, "042": 1, "043": 1, "044": 1, "045": 1, "046": 1, "047": 1, "048": 1, "049": 1, "050": 1, "051": 1, "052": 1, "053": 1, "054": 1, "055": 1, "056": 1, "057": 1, "058": 1, "059": 1, "060": 1, "061": 1, "062": 1, "063": 1, "064": 1, "065": 1, "066": 1, "067": 1, "068": 1, "069": 1, "070": 1, "071": 1, "072": 1, "073": 1, "074": 1, "075": 1, "076": 1, "077": 1, "078": 1, "079": 1, "080": 1, "081": 1, "082": 1, "083": 1, "084": 1, "085": 1, "086": 1, "087": 1, "088": 1, "089": 1, "090": 1, "091": 1, "092": 1, "093": 1, "094": 1, "095": 1, "096": 1, "097": 1, "098": 1, "099": 1, "100": 1, "101": 1, "102": 1, "103": 1, "104": 1, "105": 1, "106": 1, "107": 1, "108": 1, "109": 1, "110": 1, "111": 1, "112": 1, "113": 1, "114": 1, "115": 1, "116": 1, "117": 1, "118": 1, "119": 1, "120": 1, "121": 1, "122": 1, "123": 1, "124": 1, "125": 1, "126": 1, "127": 1, "128": 1, "129": 1, "130": 1, "131": 1, "132": 1, "133": 1, "134": 1, "135": 1, "136": 1, "137": 1, "138": 1, "139": 1, "140": 1, "141": 1, "142": 1, "143": 1, "144": 1, "145": 1, "146": 1, "147": 1, "148": 1, "149": 1, "150": 1, "151": 1, "152": 1, "153": 1, "154": 1, "155": 1, "156": 1, "157": 1, "158": 1, "159": 1, "160": 1, "161": 1, "162": 1, "163": 1, "164": 1, "165": 1, "166": 1, "167": 1, "168": 1, "169": 1, "170": 1, "171": 1, "172": 1, "173": 1, "174": 1, "175": 1, "176": 1, "177": 1, "178": 1, "179": 1, "180": 1, "181": 1, "182": 1, "183": 1, "184": 1, "185": 1, "186": 1, "187": 1, "188": 1, "189": 1, "190": 1, "191": 1, "192": 1, "193": 1, "194": 1, "195": 1, "196": 1, "197": 1, "198": 1, "199": 1, "200": 1, "201": 1, "202": 1, "203": 1, "204": 1, "205": 1, "206": 1, "207": 1, "208": 1, "209": 1, "210": 1, "211": 1, "212": 1, "213": 1, "214": 1, "215": 1, "216": 1, "217": 1, "218": 1, "219": 1, "220": 1, "221": 1, "222": 1, "223": 1, "224": 1, "225": 1, "226": 1, "227": 1, "228": 1, "229": 1, "230": 1, "231": 1, "232": 1, "233": 1, "234": 1, "235": 1, "236": 1, "237": 1, "238": 1, "239": 1, "240": 1, "241": 1, "242": 1, "243": 1, "244": 1, "245": 1, "246": 1, "247": 1, "248": 1, "249": 1, "250": 1, "251": 1, "252": 1, "253": 1, "254": 1, "255": 1, "256": 1, "257": 1, "258": 1, "259": 1, "260": 1, "261": 1, "262": 1, "263": 1, "264": 1, "265": 1, "266": 1, "267": 1, "268": 1, "269": 1, "270": 1, "271": 1, "272": 1, "273": 1, "274": 1, "275": 1, "276": 1, "277": 1, "278": 1, "279": 1, "280": 1, "281": 1, "282": 1, "283": 1, "284": 1, "285": 1, "286": 1, "287": 1, "288": 1, "289": 1, "290": 1, "291": 1, "292": 1, "293": 1, "294": 1, "295": 1, "296": 1, "297": 1, "298": 1, "299": 1, "300": 1, "301": 1, "302": 1, "303": 1, "304": 1, "305": 1, "306": 1, "307": 1, "308": 1, "309": 1, "310": 1, "311": 1, "312": 1, "313": 1, "314": 1, "315": 1, "316": 1, "317": 1, "318": 1, "319": 1, "320": 1, "321": 1, "322": 1, "323": 1, "324": 1, "325": 1, "326": 1, "327": 1, "328": 1, "329": 1, "330": 1, "331": 1, "332": 1, "333": 1, "334": 1, "335": 1, "336": 1, "337": 1, "338": 1, "339": 1, "340": 1, "341": 1, "342": 1, "343": 1, "344": 1, "345": 1, "346": 1, "347": 1, "348": 1, "349": 1, "350": 1, "351": 1, "352": 1, "353": 1, "354": 1, "355": 1, "356": 1, "357": 1, "358": 1, "359": 1, "360": 1, "361": 1, "362": 1, "363": 1, "364": 1, "365": 1, "366": 1, "367": 1, "368": 1, "369": 1, "370": 1, "371": 1, "372": 1, "373": 1, "374": 1, "375": 1, "376": 1, "377": 1, "378": 1, "379": 1, "380": 1, "381": 1, "382": 1, "383": 1, "384": 1, "385": 1, "386": 1, "387": 1, "388": 1, "389": 1, "390": 1, "391": 1, "392": 1, "393": 1, "394": 1, "395": 1, "396": 1, "397": 1, "398": 1, "399": 1, "400": 1, "401": 1, "402": 1, "403": 1, "404": 1, "405": 1, "406": 1, "407": 1, "408": 1, "409": 1, "410": 1, "411": 1, "412": 1, "413": 1, "414": 1, "415": 1, "416": 1, "417": 1, "418": 1, "419": 1, "420": 1, "421": 1, "422": 1, "423": 1, "424": 1, "425": 1, "426": 1, "427": 1, "428": 1, "429": 1, "430": 1, "431": 1, "432": 1, "433": 1, "434": 1, "435": 1, "436": 1, "437": 1, "438": 1, "439": 1, "440": 1, "441": 1, "442": 1, "443": 1, "444": 1, "445": 1, "446": 1, "447": 1, "448": 1, "449": 1, "450": 1, "451": 1, "452": 1, "453": 1, "454": 1, "455": 1, "456": 1, "457": 1, "458": 1, "459": 1, "460": 1, "461": 1, "462": 1, "463": 1, "464": 1, "465": 1, "466": 1, "467": 1, "468": 1, "469": 1, "470": 1, "471": 1, "472": 1, "473": 1, "474": 1, "475": 1, "476": 1, "477": 1, "478": 1, "479": 1, "480": 1, "481": 1, "482": 1, "483": 1, "484": 1, "485": 1, "486": 1, "487": 1, "488": 1, "489": 1, "490": 1, "491": 1, "492": 1, "493": 1, "494": 1, "495": 1, "496": 1, "497": 1, "498": 1, "499": 1}, "retry_queue": [], "seed": 312, "seed_state": 3812, "tried_so_far": ["191feee610ec0a874bc10d0732f81df8", "03c8cdcbacdd6350cfb06f3c39fd75e2", "203c1412a9815432f34dc7f3137b0104", "1900a6204228a94cb61ed101eb3a2d5a", "deae85858f196523b5eb5f693ca3c5f5", "5876d2c19adc0907918251f934c5ad94", "ce91b372ca00b9253f957490681aab28", "ab47be10ab84bf900d107ed688c00bee", "95f022dd6f8aea7c121c532a5eb7c0c0", "c47674ffea6d386cdb5cead15feef2e9", "a9b78fc750696b3e2451e310e048b419", "0d907e865b2d63f63d77bec3e0f0c043", "04a83c0138dde11c57159f743bad8415", "0037ed59f0948f5a91ee3770ba3260cc", "9d56cea914bb818037591ec6c39ea7e3", "ae5d65f81404f12d835e9485f5b9c864", "5d7ec8fe6265beacd9836223200d6242", "a3dca5dba73a51e5314e847d50c89912", "cc329b1a9d2027191f62e3ef3be027e9", "19f79302e6dbdf7ccd04a7170477906b", "c6653a3ad0873d60c9961f9b1ecfe6eb", "52a64632277df09ee6de29f9a650ea3c", "c6535449a6aa5ec65afe8a942469f210", "d9fe9cc64cf8d3ac267c513e33ca90b4", "aa5fde42c0c86552c81af1b5ad58b33b", "e3048a17db3e2490ab6a56ef2b0eec84", "1a05ee4a99a592776303080434391fde", "ca1262cb179b44d45dc48eb604211083", "10068415a8d75b35e75d4b246d487105", "2f92d05328f14ec3362cee260762f65a", "5d6d3389f565da11f04db95607f4e51b", "26ef5515cf7f8bf30e6a4884db2005a8", "056dde3f11598e68f7b898afd229c911", "3d7896b2ff3f8c2bd6842388f1eb3f55", "7fc61a40e868abb2967e35e7c15675fb", "2fc21a0f1bd2a1117b2f3a6e647bd8fb", "b20ae26cd14ecc5ebb7c62623f521d45", "6d543280bc61e6347f959204f6abb96e", "7e4ad55b6f47412082fe8435e6a08daf", "7c81e9b4c58e2cfe966600949fc4948c", "8d79d06c2cd8d05950ac2e487d08854e", "c975b6f5e8e733eaf858b7a7585ca575", "7721f89f6785adac7d1e7ac043401f6a", "112aa77d37bd898449d4dedb7e381ef0", "b01981004483256158bfd9c282c5b7a6", "9684aeb359b14adcd23189afc7b90d54", "473f834908198583b1cf5f0d1070fb21", "e07d7f293107e0cfba47552d78c5dc33", "e2e108ef65bcd1e205948cf60cc59e92", "aee67976ac92cd6f97d78b5c7b9abc43", "b752f5bf18c85df6f049aac482b86262", "4b4b24e11c52dbbdacb47fa9ac497f24", "efcb9cdaf7157960f4f4cbab848d2e5e", "0e7ad379747abd3ac3a2c4b07a92130b", "54eb92712daa9db1cbc2c91b2d0fc029", "8d7a84e24fb4d744fadef157d6ca202d", "955834cf3017ec451eb505879f3dbdd0", "f5e7c0a7f8ee97544cdcdd5f14d16756", "bfd63b74c10edebbbdb161cb236b34cd", "bc5766e861cd6748ff17b7d639ea8ea6", "9996dfb3b0b111d66f0aa02e21ee0535", "5d3729d121c270ff04422afa442a6cbc", "1108abde9c040fa624c546e316085909", "2b58b5562f1e833f35e34c7847288854", "d73e975ea22787d4254c953681fce084", "a81ad1f7779c58c207a2c83d48001cf4", "c2caa3e3355b372eaf8f5c3563e69f4d", "0fd5663030158d30568f631e5aea479a", "3611e9ce789aafc12c2ad058f932ebb8", "071810393451ba7010331b91a6ce0579", "8ee6cd4be0880488c56df21e407e84cd", "bb2c8d1a6930171da476c85584562cf3", "3503c26ed61ed9f202d772a43cc28afd", "f650034e4c0e8b90153fb04af75930c0", "8e165ad8d0a9b45de527f51ae18323ab", "729596da1ab9175620b7f44390033d8c", "d97a2528597352dbeb4aa312bf0d090f", "45f4eff06c405e6037466fc0cecf0a8b", "d9ab904213d0569eea1a6d71efc4f81b", "41b07d609464a3cf81f7e0ff7d8f87b5", "44010100531b0aed4e54de6c4fd7aed9", "bb9ad038214c30f3e6044e34022fcf3b", "ca3698bf67768799f29405f7f5b31168", "e3ef2edfe2ec7d72b4865163d8e735ad", "c0404122fef33b98933809f2cca7a0d7", "d3759d0a8ca2dcb8fc7b103639437355", "3ea26746287a91bfecdc0a3c6a443c19", "5531d22d78b1d6609b8945797d21556f", "7df2e6e3831d17e9d9a0118590d33ae5", "d7e58a8375c1616a5e79ef964562f7d1", "a288c906931d8583d610fd9436d3cd51", "ea7d6d255905d51dc2b9b45f9514545d", "4ab644a5cb12d5651c02867a141fe149", "1b0188448fdf7a4c14023d52d35878dc", "f8e1bd90ba62dfd4a5a77e682dcab991", "22dcd45412b7f9c892018600f940dbb8", "5c37e36c6ddc3d3d4bc68c53bda3a805", "90016a3a1b33888176d424a8ba31589e", "a51174f40edc850fd0c10c4be1f0d107", "45f056963a794555ffcba423b18c6534", "300f492a6c58278eef695d8e27cb48ed", "da6eb2def32a43fd8a2ffc72c59bc220", "09d50d947d68e352db9a6efbea4f3938", "9ecabeefeb53db220cb65598ec73cfa6", "6b911acf320ef3df071a23ee85853077", "1f4d988e7fc599dcaef1bbbc63e1f6cc", "e5d0c52bf54c28e3dafd5b53742c27aa", "fe751ccdc9767d7ad059746b840c5d9b", "d71443e9c8f99db68ccaf041daaea9f7", "a63fe0374f07c9a6ea31459d16741895", "d602c6f9244d10ee2d62ccf2edc655ee", "256019c5bc4855ead9345deb6fa84977", "87ee9c1871ac65df695dc0949b0cedaf", "3661d823b54731de41a447fd40ea118f", "7539bdc77cd2d1ca115df8d2c5c34207", "006d43b598fc969c76cc5905a7444224", "fb30900dc1369d8374ad84bc41d59413", "b46aaf5c45711a5ca24efaa1204ed979", "ebc0f2964940c00d40caa226a3d5f5ea", "b50fb469a30371b804a68336d5cb9f83", "9afe3027c832b22a606d299e073e2cdf", "d88baa829d269f2b1cfe88a97f3cdd52", "8d9fb6a372cc8e3a17ef4f8ce4fa6ff5", "990f9c6b5bc58dcd60f00c213dc7d5e7", "19baa750d08cd889b63dd430d32298e7", "27aee6f7d2769089c8ff48bbc9b7e015", "ce3cac9c6eb3bb567af18c204fa2cce9", "f4a381d04cb03680c07f2815e8010c98", "987f2b9be36c1163ff42507e7d0ccbdb", "a4e2815bff3bb529c3c2446f6aa0ca80", "2b42a872a0f52e0591ea86b71ab14cac", "0d5a109f516285ff2eb02b5661a8fd98", "e2ef7bce2e0b710052c9e42f0c50aa41", "29680cc806d6adbccc69f560da3d0b28", "bde37669c7b6cdb4db783607994a88bd", "bb5156ee9222c221b2f6e45d8792c816", "136764d30538641ef74525276df4e3f1", "7b3a994dd09dba433357393a598002e4", "ccc6bd2d0d02619adf45a1d7c44e0138", "608ab042ce6642f04061fefdf49e5839", "54697740957f358a884979d98c8cdacf", "5649fa97a87aef6493b817697aedde9f", "43ce39673c0f6c358c624e3f3243679b", "05ec331a8b5f7ef91f923c3773c87e23", "9535ef31bf07a241b461e19938908cf0", "a54e9e010528cd8bb9377cab67c55073", "c4e62fdca421eca242100ce98b614a1d", "35edc53ea8f7fd910da5792f7ff11a33", "ca28c6a5c208de4b96163bc7c2d6a7d5", "be019b9d8c5721a7cbb0d3142d464e6e", "56654235ba8edd56a8407ea46dff42e0", "bb80fd7886593883c0ef4c5b5d0d6107", "21123f7f5d4c978cdabd5ed63c6f9991", "369f0ef3598ddfcb5d1c4cb1c72e75b3", "9af5b856004cf1d61ef6830003f47545", "e9b7107a374229d9c1d7e9463cb4278b", "cffdb188883d3f365e1f3c146004b7b9", "f96d09d43afd5b9c4b08d8314ba60a8c", "de1407ea74cc9832b313681902525d27", "3dbbf4fd68f006ced59a69a0950633c1", "753f096d5837d7a15e5592d346f41254", "6f96d0dd5d0752f0524018ac3bc1c37d", "2f6babb7b1b221a0a185e0530d2d5715", "e7ab3da63bb7ba3d9424f63c2690c689", "4d3ca17ce81ed5d38559d69d9875dd43", "552b3b97a103b9505bd0788023e9da47", "23bf5c0e06ace6f80b180b2d64d0ee7b", "b517f00d1c0cd9a39b6b71963386577a", "a5773abb8c0458b4e5ac8959d2e131e3", "cd31eef32ac8e1b52f6d43d3500a0804", "8ab7ca16e3c4fa77c1dcde1250fe83b7", "65c6f667348213a0f08c6317e5f1d910", "ddfb06c7bb99f692705d85871930f143", "124e2c7215de020cdd93713c3cb7ec29", "7dd6be41bb34cc79c9709d77501cfaa9", "75e92e50009ce164ec37ebed6daa9d32", "f011dad3080b06ceaf736b4f9f850bf1", "c5e5a8e1a3f571f2ac710be4df9e3ec5", "91f231ffbeb237d6dea0cd0dbdb08da7", "c2d31cb3e2451e1c7ce0c5759c35a455", "bb414c9b5c5a6a601aca6fc294892cd2", "fee1defb4c1d4c57e4a64554dcbd2072", "a15b4c1f7e7c058c8f2894d6520f3115", "48bd8f0972c4912064b5eaf843816eb8", "45c0a426b7d0d5b2086860740c07571e", "ecef624e07ba9dcd3567dcd3213ced52", "0ea8bb8924bbcb04df04710685d8964c", "d6f52158f8536248faa0aadd80a7a923", "72f9874b2ece0d864c7ff0a135be4cec", "5b8ae508401b9ea9fdf3a5ccfba01e96", "804470bed46726a58e25e95462ba6806", "4c90a4e04e27a6aa024835eb167b7d88", "5e8e4c40e2fbfb4f9bcf1e5d92a9230d", "8d3afa2b5051941c35c0caa0d41fe2cb", "fa301c4bfbc7f35104cdfb562c07f07c", "29c8799199dbe180fcbde8b688e29955", "17c322af32b7b185ee6853eab6dadeae", "8bea9f91868d5dfd08f4f63db9003af4", "5d8e89ac0a4fe1eb57d782577d00d00c", "6df1bc43b178bc5e10264736a1fe2d3f", "701cde831e84a6f3984b39e4675b457e", "3d4c56415a9f4a7db845780b584740a4", "6125bab7c54bdda633fcd355cc341eba", "c2707a285fae7dc5b5f21f1352e06a6b", "61fd0c636017be977a01b99be4eae88c", "207c86cb98b65ce850f8f776dc1f651e", "7a681b8e4461939ab724a55265f205cf", "0a628e83b5a394c6fa137c522e4669bf", "5749820d7f2c645d5effaaee672c4591", "937bd6650ba509e9db4b0c4c6af5cb23", "21319edba5d9a088ceece660fc3dfc88", "e52b0828c2fda50e928daa9a58cf4834", "c62a37cab7b56c75a77ae3af2b0ee9da", "884898136f013948be20aa4561f8fa34", "5b54cdd7ce536518c88fa830f0ddc61e", "067f3d4850ee4860266d8f6c2455f65a", "8aa2a04abf05974d3ffd087290a119d8", "a0c7127d5ee190f7fbe22704dac51159", "762d9253d2625378832e8770d28b26c0", "bd611b4463bde21e647336b0695bd489", "d3ac823e715ffe5573204681e7618344", "4b46e85cc0aabb6b08287a47d4308165", "6ffb24275e65754403b5a9d2177c9746", "ae324582e4a16700053f678c1003c4f6", "70275074113f5d73d727e9b530aff9d2", "58c15bb96a1c4b6a2d8d80971136bdd5", "a468ec1e9aedc68ce355027d9dddac88", "cfa3f58db3528eefa1684703342130bd", "34766e3ca97797e48496b6d65e4471c3", "c160cdf87408e9e09a0cf91e9ade99bf", "fd0e1ca08aee89a856c2e55c0bccbbfe", "837650c5bbca111628b6d75f4c1a35a7", "2d61c8344aab6c008d4ddb34e2b344a4", "a7e2dddf1915c6e78dab2b6bb92cf271", "1fe27be44af95f75a569f6adc3a2c778", "cf4c75a4470a71323c1efa58f4ab1ffd", "0047a9e30300a8ea59a29d5436ae9980", "498fada914319f75a6b2c148aa50329f", "d2f0bc6df83073345e0f2faf2bee3c3a", "bf90b7c1a2e2c9a81fddb18b3d1a59b7", "5f92640c44eb2e05465e01de38be4c0e", "21c6b7880f0e303094e59e8b8b29d47a", "4d00b9fb634f3a18e6d6913d170276d1", "b218ddb7e9eff686b6b86e497e4a4046", "ac8426450f58bf3bfbdd238f73b7c99e", "763574dcafc6a711ec0dbf539ffd9998", "9fdaa2a5ad5546a2640c419ad02a9eb9", "befa6383c3bd986062f9f047288db7ba", "915fbfd3820c290576d365e47928f0bc", "4121307ccb2d8afa1768f7fb29040e46", "8967f57ed1d6800b9d829ac2e9bd0c17", "321d5c7d1eb4a0adf3f9b5d275d977a9", "a9032dfaf8d63fd3baef46736fc5c0eb", "c78efe2061d935c47a8341de1f72968c", "e75859dac8c186a4821d46e049e81189", "317b0644c0db75a592cde8361e1e80f1", "509f6c49f7cfa655952d468ee8293faa", "504ee3dce86617ecbe950753e7a42c00", "c6759cee9380d8bc10f9499944800683", "208768c6f0abfb76c9969da861b50a01", "ee02ece5f4b1803c497603acd07ee5e8", "96292062072e73e3f419653a97f29a96", "8671d9e09d6c8eb3e7d1f3eaa386200b", "05cdeb65f7faf0d9850d06fb30f673e7", "758809f28e630810d9881978498f83f4", "cec9d1d71c750f83111c47f0c25640b8", "23c56c41216eb9e51e1794da7527d443", "90bffef1ad8066f53640f0f3853fb0af", "5ef0b3e2cae404b716b019e9b16284c1", "abc76c83be0bc2552285d24524cb9d92", "8b203e661d1d6042556090d9e94b9205", "3ea807f5d4b0e86b3da58b1420467f25", "fdf31929b2617b1ac1464da9f395e39a", "2d77554edf2f3bc4fb9cadd1b8981896", "12e0afa07cd7ce2dc0fe6f92bae914fb", "83cb3702ad7bf0ed7b68909e8456379d", "9e15201332e0a4875f5d684bdb37cd1f", "6c984178d72e9cc76027d24be0b6214e", "77c9eacfef0f8a4113e19783b689872c", "459cf9af9c0ce0fda2f992aa5b01344d", "870720a4b2e00968187a57fe6567ad74", "8f422688a5398eb7550158378ee55225", "eb86f7d46629f52fffc36a481c4b31e7", "cb57a495a782bdff0a5e6d9bfcdf8fcb", "4590c7b7730e4df4af09d8a511d33e80", "c193d010986c212ce7b73083a1e88566", "a6982936cdc181e55f4a75666c23e0c1", "bb35ce08527507e7fab0e2ba2c37d519", "40ed1a2f17c331b767cd074d68324eee", "2afc819669bcc625499f1e2bae49ab13", "72b543a392c72184409637fb7cb2b876", "c0ec3268497b5893b6bc81c056d232fb", "ed816736d3cd24b349df7ab9b0a46976", "f8b3d4d229e4d06a69f57c50117f2d9e", "d0b57c3685a4c2abfe2a9da8024f8c2c", "43e6ed55ba6dfe35e3e2c2267a60cc01", "e48aa10432735d9bd7c7d2da2c7c08a7", "fe9a25792105ed115d27b00fc7b61cd0", "c3a3c3807af1b93043c283ec4cc95e08", "3495fc31968a08638da49c66dd6a68ca", "ca1662b715be956f2b876e3429b91f01", "b528fb6734d629aa222ef8a32f541ec0", "9b7664a86ba44fdad8ab9239fb13a38a", "90cd7791294cade690312ce8aa2b355b", "1e146d728e52a1f288381f0baaad2af7", "4ecca4f6f9cc2c81a691b900ecff4130", "84ba6352178e301a8964d50cd1297afb", "acbd11861015ce97eb9d8b373c0580f1", "8f00597505a0e2fded6e9f9610c341a1", "b06a3b2d89c13fb1daaebfb4e1083ace", "7094c33c63b4159a198a6ee8b0e8980c", "85e5a3bbe704dbe73a349abd81b199db", "9f34555985d6e0e4fd58329665310dcb", "8ee50770d5025e2da55c3394639b061e", "bb5c66833eabf941245608c10f10c286", "e551a27c80a915baa42b0722b545900c", "f11298e0b0de6d277cf53ee56b772a3c", "017e46de4dba3dbd794b72c94c6886de", "8dba98121152aec71eb14b2001d8d1fd", "a64617e36733bfb9271a99d4b2423322", "ccfd46f4278674080e4440f7c61ca42b", "4ec7ab72f01615269f1d1f15fe3f1af3", "7a28e4b4834567069a8bf23b53693455", "789b97373ebb37e45cfda5b92cf86a18", "4697e732533b9d5b1822d229abe7054c", "0e5f7bb2c0930aecacc8e75ddb8a3557", "4301bad5e2211e3a42ea60a68f97a92c", "9f25763c5b346de7992d7bc7e37a0648", "ab2367abcd11f36ee8022ca462be4ee9", "29b625528fa102c4b730384c28e25fac", "89c7a9c1c0bef0b66b7255414c39d6c5", "d171ce0e6f7c325ef709e80cfae3bd3d", "03264cdb951e012a3cfccf6a51cce263", "ea041f3e8024ff53f3a0640517496e38", "9de2c638773c846c20b8a1a54fd0ef29", "ede855e84c39bc5324c3dc415b3a8fd6", "e771bff02b50c84f48b9f16f1ccdb916", "39e6afa3f60812981eae024d8968dfa7", "3a6efba0fb40b652a710154466dcb1c0", "28e2f646c69048e29df40dc7f28667f9", "4a9d8b717b69be339417cac07d02a3f6", "c881c1487e3639cf84427cdc37475a34", "897addacc144fec55df1b3730244c344", "e9e09fda5439694dadb6c538bfd215cb", "25b1d415219ab034862125ea34467837", "e868469b6d8eb971ef8b6ee0a6e995aa", "7e7c623caca58ca6ee2e871a7f252044", "621d3724d261dbc5d6d73cadfb679380", "79ef3253831d85494cf4e897e3b53b0b", "1b19d74de551ef8cb765ff676ad476f6", "1f8eb7a9f426158a0d6d869c136376b9", "9e67f0dcff134e97f1aac9e23667d893", "0cbd0da3ba233aaad778b66300d4be1e", "0322e622457555e43e2b1c19f1f7ad9f", "0149844c2c4444cfc6dedf56759bce25", "ff068582aa38080cadd29f13a1e2b136", "895b720ad052eae65391de4da1cb0daf", "b0cefe38293f38605b8e7cb44c26b450", "8f66f921aed44422d114e78e3cd31860", "b6c5a6098ae8ef35da24c3d1e5420ab1", "040734aa84cacc334afdc3ca93149e00", "dc2c3bf4e3124ce700c782835be348e6", "b99bcddb05cfad14c3adc9dd461aefe7", "ffb15c98d4fb6c54120f0c309d095df6", "e46e4244202a0783c2671f889752e589", "b10a3bcb9570e25df1c95c919887bad8", "bb1b465ddf138fc2420a5f1c1c36945a", "453ef866ded861c5ac1cfdca014a3517", "1fd79afeef3db40873bc25d4ebed3c05", "d13e26813527f591482ae31dfde4e0e6", "03f801dac6dee5093c9e998eac0e21cb", "5cdb11bb98906a93ce43612a1fa409e7", "7984af350d8937de8bd0cdf380f2f132", "8928998f6f5c17889c8caf2a1a0b9b91", "028f418fa54ae570af7f48e80feb3538", "e0f9091ba117db481ed57077310050ce", "94aeb8b21f4b51ce8f53995aae3b6a40", "b7588303960e992dbfcae2c26611653d", "abf1689dcbeeedf8f81b78897d1d861d", "96123d468a9cc9d9a6f47dbcf0db9e8e", "0db5efaa02f475e414c50100182c298e", "b897fca435dd97b2e353ff814f4b304c", "4e05b2570b68223c119e9f61e5a0c192", "52deed6500ee969e1e6f2f65e1e3a376", "3cbd09ff619ec76614c9a6b5fcc179f9", "f2368bd56213e8a2e6b820246c974318", "27a362f0fde7df313d1e75a4254bb956", "88f1513dcc554ff9ad90ee0261312ee0", "5d2a81aede4882f247a4ef62ba504e45", "9c5dd5e9c7f45dde996b65a8688ad4fb", "01dde06c119783d2191438dd1d89aaef", "b93f77aaa8ba9f80d7829b966078fdff", "1947e05cd6ea019964edab377f79b8e2", "6812d3d7e714c7b48c7f794ca2566f02", "a474eb9afe74bed2d72796554887a4d6", "e0d1b5cc1ef3369c3835ccbf57ba9b12", "0c2fc15c031fd08d4ca27e305570d3f8", "655584665f0b2ebcd02c57303fc1c598", "473c14192c206a7e863d4c15887f48a9", "82cdd6368e921d1b0c49401e6b33efb2", "23b305e77d92a901e01371a82f9372c2", "56dc88e98820568e826e5b749622493a", "5014252924add70140141211f53942a8", "69316aa45ab506f3c8e9cf93d40e7fc5", "c3e24e38f7992b656ced98c261a42ade", "553c4cd5984795971f18700cb67020d5", "082e09a119d1788d974382118d1dee86", "3b75bfa244c0fd7bee7d52999b78f26c", "ae5cbaace7e2588a2c594e8f88dbac8b", "7eab99ea5c9cb26069db5466970a3c10", "e6e0b21a0a923c698dfa26900f150a90", "2ba187899827455c3e03200340f2ccf6", "80f582e965d5fb672d259275ca6ce887", "c2ee740c0ae8363101e2a22c47ab067b", "932988aa2e3cc77224912e8e649ff182", "2c7ee7862b53b640df1ad30e3891bdf6", "4a848715b8fb8f02876ea27e81154d81", "32fc5753f57155036ed952e2edd0936f", "b6f1e4890c5106eb33892aec6c39b27f", "53d6346fccc1d15c847d455a32ff4180", "04a8925d8cfa645e65f0c16d337c2167", "1523517c478f20671b02212a228cba70", "aa45d1dbcf592565ae175daa1e425737", "472af3202cf24eae0d34960142a0392f", "3e2677bfb3c19ced73b9575fbf3b201d", "ef260f40fa580574b6b29a1bc10eea37", "6fea06eb7e62599ede9bf0fa652bd8c7", "d1db709370bff9a06e885bef7f48077d", "c71e7ee20fbd8725e738c21e68f81482", "175a62545a9eb303c28ae7b3ca9a6729", "73ed6ab5ac2d86f69969d5c84f2fa518", "a27e4cb557d1c20cfabb0a4da0d48123", "8f9666b610e9e2d4c17e1965cfb38086", "481e793de0e39323ea074e03fd414b6d", "905bce9d2b155dd2cc49d8325a3b576d", "d51a491226f2a1bd439574b9970ca04c", "cceea480bd42edafbde1558ff0862455", "5f570f0a5e06b8ee7f33683901f1f7ec", "b506691179afcdf6793574e16f51df7d", "dd62c28831a0c333c92a404a55919d28", "57f87bbe752434e1dd24f2327487875b", "a36f5492286cb9b0733037b1be0b0f03", "3fdc642a67f8ea5bf127f2c80e948621", "26451afbe150011a13d84d0ebc19e3e6", "6b8e17789d1c61c6c006f37933626b87", "7fd42289f70797194f5675eb84169cfa", "974c3f0c31d79c41591f157391cb9bc6", "e8a3f0af413b9bef0490a9d2988429dc", "d8d53e260a706bcb707dc7ae6307e66e", "816334f6b75dce1ba4d22d41ebec82a3", "307dfa408a0ec84a40b564ebdbb8a9cc", "b6130a92fd3ae89b77cc1824566b2103", "4f77174ec8ddd36a230420a2a5be4183", "745c24de19b2f15faf1c528c907aa22f", "22a680471523a369fc49613dbfbc68f0", "aff701359ea13b2e2c938b1364672fb6", "ab3ab379a3a6e7f611b7fe8005543d3b", "e1a3150ed9ef4cd1d39945a3b893ab74", "f229863b9e87b34374f20f129c7ba1b1", "c486132cd259988d25c9a98705a165b1", "01fdc5135ae95c7dbb3d4590fa1a70e7", "41c326f789a647db3f27e769bce04ed0", "d8f21cd5a726bcfd3ce997180ff246bf", "49910a887d836d67412144a8fed24826", "fb076bcd5e29ad4d5a6bdc4d203d1880", "86f6f01aa8d22288cc3c84222f561098", "ebbf79679ece8abec799c639661541bc", "c94e699f741d43bf391949afa22da503", "857770feca177a5d2ba929c749d9b889", "0c492449cff64a7bb63d7ebcd92c1883", "5a477594781fda165457156764b5a513", "1c3e31704d6af0641fcec9950238c6ac", "b311056533f7afd2817f259149c27520", "e6b58b793c6b183cd6c655d34f2c043d", "c95aacffa2f27d63840deaa92d32b30b", "b0b26bdcae0cebb94ee2b34e2581435b", "ff9d67bb2f5dce8379b51c544144921b", "6878ba3a6e584486aecde0ac92df9ac7", "bb2a4d9c8dca81db95470331ea3cca0d", "f9a8abd2e75f18b64641d98e17a17d9e", "3efdf077bdbe34eb692b23f0e7572332", "d30ea52c152632a117f50b795a6b15b9", "cb993d22168132f74be5ac72e86241b9", "f4f3ebc5bdc5604ff2f9590c3bea1bc0", "eb0878c0f7ff5e7465e0012133a3f6da", "61aaf31b74c5d2758d1457cf3b940504", "2379826b4b2de61be974ca78a52c9793", "357afc5ad401315378b38fd51340114e", "fcfd398408ee6f582695df154d1b24d8", "f09e36a48887ad154c81da42a83be642", "13d738aea32777db5a7dbbca9c62b1ff", "655469f638da42185a7044293c99a636", "5d98f4ee830d72db5342465ed7bb1a54", "aff8b38a4b0d4a84f5e564cc6c7af4a2", "a00d209aa69d141fe131cc2dfa437a22", "6bf3ae226102bb29994dcfbf11865029", "254698ed5cb2c46fe44264a9048c5768", "c3d9c7de5fcb9c87d55d5caba3296f54", "cabfe5c3882805acf17516fd12bcc75a", "2d81c514555089f311ef136bf0bd2f9e"], "id_to_hash": {"000": "f96d09d43afd5b9c4b08d8314ba60a8c", "001": "bb2a4d9c8dca81db95470331ea3cca0d", "002": "a9b78fc750696b3e2451e310e048b419", "003": "7df2e6e3831d17e9d9a0118590d33ae5", "004": "b0b26bdcae0cebb94ee2b34e2581435b", "005": "0fd5663030158d30568f631e5aea479a", "006": "c160cdf87408e9e09a0cf91e9ade99bf", "007": "c3d9c7de5fcb9c87d55d5caba3296f54", "008": "fd0e1ca08aee89a856c2e55c0bccbbfe", "009": "fdf31929b2617b1ac1464da9f395e39a", "010": "5531d22d78b1d6609b8945797d21556f", "011": "a3dca5dba73a51e5314e847d50c89912", "012": "b752f5bf18c85df6f049aac482b86262", "013": "b10a3bcb9570e25df1c95c919887bad8", "014": "937bd6650ba509e9db4b0c4c6af5cb23", "015": "f4a381d04cb03680c07f2815e8010c98", "016": "e0f9091ba117db481ed57077310050ce", "017": "8aa2a04abf05974d3ffd087290a119d8", "018": "191feee610ec0a874bc10d0732f81df8", "019": "553c4cd5984795971f18700cb67020d5", "020": "0c492449cff64a7bb63d7ebcd92c1883", "021": "9af5b856004cf1d61ef6830003f47545", "022": "9de2c638773c846c20b8a1a54fd0ef29", "023": "d97a2528597352dbeb4aa312bf0d090f", "024": "254698ed5cb2c46fe44264a9048c5768", "025": "41c326f789a647db3f27e769bce04ed0", "026": "5d6d3389f565da11f04db95607f4e51b", "027": "1e146d728e52a1f288381f0baaad2af7", "028": "c78efe2061d935c47a8341de1f72968c", "029": "e9e09fda5439694dadb6c538bfd215cb", "030": "f11298e0b0de6d277cf53ee56b772a3c", "031": "b218ddb7e9eff686b6b86e497e4a4046", "032": "e5d0c52bf54c28e3dafd5b53742c27aa", "033": "96292062072e73e3f419653a97f29a96", "034": "56654235ba8edd56a8407ea46dff42e0", "035": "57f87bbe752434e1dd24f2327487875b", "036": "52deed6500ee969e1e6f2f65e1e3a376", "037": "dc2c3bf4e3124ce700c782835be348e6", "038": "eb0878c0f7ff5e7465e0012133a3f6da", "039": "c3a3c3807af1b93043c283ec4cc95e08", "040": "c6653a3ad0873d60c9961f9b1ecfe6eb", "041": "a81ad1f7779c58c207a2c83d48001cf4", "042": "c486132cd259988d25c9a98705a165b1", "043": "cb57a495a782bdff0a5e6d9bfcdf8fcb", "044": "70275074113f5d73d727e9b530aff9d2", "045": "4590c7b7730e4df4af09d8a511d33e80", "046": "c0404122fef33b98933809f2cca7a0d7", "047": "d88baa829d269f2b1cfe88a97f3cdd52", "048": "8ee6cd4be0880488c56df21e407e84cd", "049": "6125bab7c54bdda633fcd355cc341eba", "050": "26ef5515cf7f8bf30e6a4884db2005a8", "051": "d51a491226f2a1bd439574b9970ca04c", "052": "c47674ffea6d386cdb5cead15feef2e9", "053": "ae5d65f81404f12d835e9485f5b9c864", "054": "7dd6be41bb34cc79c9709d77501cfaa9", "055": "8967f57ed1d6800b9d829ac2e9bd0c17", "056": "01fdc5135ae95c7dbb3d4590fa1a70e7", "057": "9996dfb3b0b111d66f0aa02e21ee0535", "058": "cf4c75a4470a71323c1efa58f4ab1ffd", "059": "cc329b1a9d2027191f62e3ef3be027e9", "060": "4f77174ec8ddd36a230420a2a5be4183", "061": "e6e0b21a0a923c698dfa26900f150a90", "062": "8dba98121152aec71eb14b2001d8d1fd", "063": "e8a3f0af413b9bef0490a9d2988429dc", "064": "43ce39673c0f6c358c624e3f3243679b", "065": "f9a8abd2e75f18b64641d98e17a17d9e", "066": "1b0188448fdf7a4c14023d52d35878dc", "067": "4d3ca17ce81ed5d38559d69d9875dd43", "068": "a288c906931d8583d610fd9436d3cd51", "069": "32fc5753f57155036ed952e2edd0936f", "070": "608ab042ce6642f04061fefdf49e5839", "071": "f8b3d4d229e4d06a69f57c50117f2d9e", "072": "6ffb24275e65754403b5a9d2177c9746", "073": "a468ec1e9aedc68ce355027d9dddac88", "074": "83cb3702ad7bf0ed7b68909e8456379d", "075": "5f570f0a5e06b8ee7f33683901f1f7ec", "076": "b7588303960e992dbfcae2c26611653d", "077": "aee67976ac92cd6f97d78b5c7b9abc43", "078": "8d9fb6a372cc8e3a17ef4f8ce4fa6ff5", "079": "e771bff02b50c84f48b9f16f1ccdb916", "080": "e7ab3da63bb7ba3d9424f63c2690c689", "081": "34766e3ca97797e48496b6d65e4471c3", "082": "bb9ad038214c30f3e6044e34022fcf3b", "083": "ca1262cb179b44d45dc48eb604211083", "084": "05ec331a8b5f7ef91f923c3773c87e23", "085": "a474eb9afe74bed2d72796554887a4d6", "086": "763574dcafc6a711ec0dbf539ffd9998", "087": "21c6b7880f0e303094e59e8b8b29d47a", "088": "4ecca4f6f9cc2c81a691b900ecff4130", "089": "65c6f667348213a0f08c6317e5f1d910", "090": "2d81c514555089f311ef136bf0bd2f9e", "091": "4a9d8b717b69be339417cac07d02a3f6", "092": "69316aa45ab506f3c8e9cf93d40e7fc5", "093": "b6130a92fd3ae89b77cc1824566b2103", "094": "aa45d1dbcf592565ae175daa1e425737", "095": "e75859dac8c186a4821d46e049e81189", "096": "c5e5a8e1a3f571f2ac710be4df9e3ec5", "097": "816334f6b75dce1ba4d22d41ebec82a3", "098": "745c24de19b2f15faf1c528c907aa22f", "099": "a54e9e010528cd8bb9377cab67c55073", "100": "5b8ae508401b9ea9fdf3a5ccfba01e96", "101": "955834cf3017ec451eb505879f3dbdd0", "102": "d3759d0a8ca2dcb8fc7b103639437355", "103": "6812d3d7e714c7b48c7f794ca2566f02", "104": "3ea26746287a91bfecdc0a3c6a443c19", "105": "9c5dd5e9c7f45dde996b65a8688ad4fb", "106": "5b54cdd7ce536518c88fa830f0ddc61e", "107": "b897fca435dd97b2e353ff814f4b304c", "108": "0ea8bb8924bbcb04df04710685d8964c", "109": "61aaf31b74c5d2758d1457cf3b940504", "110": "9fdaa2a5ad5546a2640c419ad02a9eb9", "111": "fe751ccdc9767d7ad059746b840c5d9b", "112": "43e6ed55ba6dfe35e3e2c2267a60cc01", "113": "753f096d5837d7a15e5592d346f41254", "114": "b517f00d1c0cd9a39b6b71963386577a", "115": "a15b4c1f7e7c058c8f2894d6520f3115", "116": "c6535449a6aa5ec65afe8a942469f210", "117": "006d43b598fc969c76cc5905a7444224", "118": "cfa3f58db3528eefa1684703342130bd", "119": "22dcd45412b7f9c892018600f940dbb8", "120": "b528fb6734d629aa222ef8a32f541ec0", "121": "09d50d947d68e352db9a6efbea4f3938", "122": "481e793de0e39323ea074e03fd414b6d", "123": "bc5766e861cd6748ff17b7d639ea8ea6", "124": "ed816736d3cd24b349df7ab9b0a46976", "125": "d0b57c3685a4c2abfe2a9da8024f8c2c", "126": "ab2367abcd11f36ee8022ca462be4ee9", "127": "84ba6352178e301a8964d50cd1297afb", "128": "d1db709370bff9a06e885bef7f48077d", "129": "2d77554edf2f3bc4fb9cadd1b8981896", "130": "897addacc144fec55df1b3730244c344", "131": "aff8b38a4b0d4a84f5e564cc6c7af4a2", "132": "c2ee740c0ae8363101e2a22c47ab067b", "133": "884898136f013948be20aa4561f8fa34", "134": "1c3e31704d6af0641fcec9950238c6ac", "135": "8928998f6f5c17889c8caf2a1a0b9b91", "136": "04a8925d8cfa645e65f0c16d337c2167", "137": "7094c33c63b4159a198a6ee8b0e8980c", "138": "bf90b7c1a2e2c9a81fddb18b3d1a59b7", "139": "b93f77aaa8ba9f80d7829b966078fdff", "140": "504ee3dce86617ecbe950753e7a42c00", "141": "39e6afa3f60812981eae024d8968dfa7", "142": "8ee50770d5025e2da55c3394639b061e", "143": "7721f89f6785adac7d1e7ac043401f6a", "144": "5d2a81aede4882f247a4ef62ba504e45", "145": "fcfd398408ee6f582695df154d1b24d8", "146": "621d3724d261dbc5d6d73cadfb679380", "147": "7b3a994dd09dba433357393a598002e4", "148": "a36f5492286cb9b0733037b1be0b0f03", "149": "3611e9ce789aafc12c2ad058f932ebb8", "150": "857770feca177a5d2ba929c749d9b889", "151": "d602c6f9244d10ee2d62ccf2edc655ee", "152": "4c90a4e04e27a6aa024835eb167b7d88", "153": "29680cc806d6adbccc69f560da3d0b28", "154": "ee02ece5f4b1803c497603acd07ee5e8", "155": "27a362f0fde7df313d1e75a4254bb956", "156": "4d00b9fb634f3a18e6d6913d170276d1", "157": "aff701359ea13b2e2c938b1364672fb6", "158": "9684aeb359b14adcd23189afc7b90d54", "159": "04a83c0138dde11c57159f743bad8415", "160": "f5e7c0a7f8ee97544cdcdd5f14d16756", "161": "17c322af32b7b185ee6853eab6dadeae", "162": "90016a3a1b33888176d424a8ba31589e", "163": "5f92640c44eb2e05465e01de38be4c0e", "164": "a51174f40edc850fd0c10c4be1f0d107", "165": "5a477594781fda165457156764b5a513", "166": "d8f21cd5a726bcfd3ce997180ff246bf", "167": "b506691179afcdf6793574e16f51df7d", "168": "03c8cdcbacdd6350cfb06f3c39fd75e2", "169": "3cbd09ff619ec76614c9a6b5fcc179f9", "170": "8f00597505a0e2fded6e9f9610c341a1", "171": "bb1b465ddf138fc2420a5f1c1c36945a", "172": "3d4c56415a9f4a7db845780b584740a4", "173": "13d738aea32777db5a7dbbca9c62b1ff", "174": "a5773abb8c0458b4e5ac8959d2e131e3", "175": "29b625528fa102c4b730384c28e25fac", "176": "48bd8f0972c4912064b5eaf843816eb8", "177": "028f418fa54ae570af7f48e80feb3538", "178": "317b0644c0db75a592cde8361e1e80f1", "179": "8ab7ca16e3c4fa77c1dcde1250fe83b7", "180": "056dde3f11598e68f7b898afd229c911", "181": "45f056963a794555ffcba423b18c6534", "182": "f8e1bd90ba62dfd4a5a77e682dcab991", "183": "0e5f7bb2c0930aecacc8e75ddb8a3557", "184": "72f9874b2ece0d864c7ff0a135be4cec", "185": "a6982936cdc181e55f4a75666c23e0c1", "186": "1900a6204228a94cb61ed101eb3a2d5a", "187": "6bf3ae226102bb29994dcfbf11865029", "188": "21123f7f5d4c978cdabd5ed63c6f9991", "189": "f09e36a48887ad154c81da42a83be642", "190": "b99bcddb05cfad14c3adc9dd461aefe7", "191": "a7e2dddf1915c6e78dab2b6bb92cf271", "192": "61fd0c636017be977a01b99be4eae88c", "193": "552b3b97a103b9505bd0788023e9da47", "194": "b46aaf5c45711a5ca24efaa1204ed979", "195": "c881c1487e3639cf84427cdc37475a34", "196": "0037ed59f0948f5a91ee3770ba3260cc", "197": "be019b9d8c5721a7cbb0d3142d464e6e", "198": "e46e4244202a0783c2671f889752e589", "199": "5014252924add70140141211f53942a8", "200": "459cf9af9c0ce0fda2f992aa5b01344d", "201": "23b305e77d92a901e01371a82f9372c2", "202": "0322e622457555e43e2b1c19f1f7ad9f", "203": "208768c6f0abfb76c9969da861b50a01", "204": "1fd79afeef3db40873bc25d4ebed3c05", "205": "94aeb8b21f4b51ce8f53995aae3b6a40", "206": "45f4eff06c405e6037466fc0cecf0a8b", "207": "45c0a426b7d0d5b2086860740c07571e", "208": "8f9666b610e9e2d4c17e1965cfb38086", "209": "7eab99ea5c9cb26069db5466970a3c10", "210": "2f6babb7b1b221a0a185e0530d2d5715", "211": "e3ef2edfe2ec7d72b4865163d8e735ad", "212": "a00d209aa69d141fe131cc2dfa437a22", "213": "40ed1a2f17c331b767cd074d68324eee", "214": "86f6f01aa8d22288cc3c84222f561098", "215": "5cdb11bb98906a93ce43612a1fa409e7", "216": "56dc88e98820568e826e5b749622493a", "217": "e48aa10432735d9bd7c7d2da2c7c08a7", "218": "12e0afa07cd7ce2dc0fe6f92bae914fb", "219": "8671d9e09d6c8eb3e7d1f3eaa386200b", "220": "3495fc31968a08638da49c66dd6a68ca", "221": "54697740957f358a884979d98c8cdacf", "222": "fee1defb4c1d4c57e4a64554dcbd2072", "223": "9b7664a86ba44fdad8ab9239fb13a38a", "224": "c4e62fdca421eca242100ce98b614a1d", "225": "e2e108ef65bcd1e205948cf60cc59e92", "226": "067f3d4850ee4860266d8f6c2455f65a", "227": "4b4b24e11c52dbbdacb47fa9ac497f24", "228": "6d543280bc61e6347f959204f6abb96e", "229": "d9fe9cc64cf8d3ac267c513e33ca90b4", "230": "bb414c9b5c5a6a601aca6fc294892cd2", "231": "2f92d05328f14ec3362cee260762f65a", "232": "bb5156ee9222c221b2f6e45d8792c816", "233": "c71e7ee20fbd8725e738c21e68f81482", "234": "8d3afa2b5051941c35c0caa0d41fe2cb", "235": "b311056533f7afd2817f259149c27520", "236": "0c2fc15c031fd08d4ca27e305570d3f8", "237": "0047a9e30300a8ea59a29d5436ae9980", "238": "abf1689dcbeeedf8f81b78897d1d861d", "239": "cabfe5c3882805acf17516fd12bcc75a", "240": "498fada914319f75a6b2c148aa50329f", "241": "ab3ab379a3a6e7f611b7fe8005543d3b", "242": "eb86f7d46629f52fffc36a481c4b31e7", "243": "90bffef1ad8066f53640f0f3853fb0af", "244": "b0cefe38293f38605b8e7cb44c26b450", "245": "ef260f40fa580574b6b29a1bc10eea37", "246": "8e165ad8d0a9b45de527f51ae18323ab", "247": "837650c5bbca111628b6d75f4c1a35a7", "248": "1947e05cd6ea019964edab377f79b8e2", "249": "509f6c49f7cfa655952d468ee8293faa", "250": "79ef3253831d85494cf4e897e3b53b0b", "251": "ddfb06c7bb99f692705d85871930f143", "252": "bb80fd7886593883c0ef4c5b5d0d6107", "253": "472af3202cf24eae0d34960142a0392f", "254": "bde37669c7b6cdb4db783607994a88bd", "255": "7539bdc77cd2d1ca115df8d2c5c34207", "256": "d6f52158f8536248faa0aadd80a7a923", "257": "85e5a3bbe704dbe73a349abd81b199db", "258": "e551a27c80a915baa42b0722b545900c", "259": "5d8e89ac0a4fe1eb57d782577d00d00c", "260": "b01981004483256158bfd9c282c5b7a6", "261": "7fd42289f70797194f5675eb84169cfa", "262": "87ee9c1871ac65df695dc0949b0cedaf", "263": "c0ec3268497b5893b6bc81c056d232fb", "264": "befa6383c3bd986062f9f047288db7ba", "265": "52a64632277df09ee6de29f9a650ea3c", "266": "3efdf077bdbe34eb692b23f0e7572332", "267": "789b97373ebb37e45cfda5b92cf86a18", "268": "ac8426450f58bf3bfbdd238f73b7c99e", "269": "ebc0f2964940c00d40caa226a3d5f5ea", "270": "2b58b5562f1e833f35e34c7847288854", "271": "e07d7f293107e0cfba47552d78c5dc33", "272": "c975b6f5e8e733eaf858b7a7585ca575", "273": "d71443e9c8f99db68ccaf041daaea9f7", "274": "d3ac823e715ffe5573204681e7618344", "275": "3661d823b54731de41a447fd40ea118f", "276": "ce3cac9c6eb3bb567af18c204fa2cce9", "277": "175a62545a9eb303c28ae7b3ca9a6729", "278": "f2368bd56213e8a2e6b820246c974318", "279": "1fe27be44af95f75a569f6adc3a2c778", "280": "c193d010986c212ce7b73083a1e88566", "281": "9ecabeefeb53db220cb65598ec73cfa6", "282": "cec9d1d71c750f83111c47f0c25640b8", "283": "2ba187899827455c3e03200340f2ccf6", "284": "e1a3150ed9ef4cd1d39945a3b893ab74", "285": "5d3729d121c270ff04422afa442a6cbc", "286": "8d7a84e24fb4d744fadef157d6ca202d", "287": "23bf5c0e06ace6f80b180b2d64d0ee7b", "288": "53d6346fccc1d15c847d455a32ff4180", "289": "804470bed46726a58e25e95462ba6806", "290": "701cde831e84a6f3984b39e4675b457e", "291": "905bce9d2b155dd2cc49d8325a3b576d", "292": "26451afbe150011a13d84d0ebc19e3e6", "293": "de1407ea74cc9832b313681902525d27", "294": "4301bad5e2211e3a42ea60a68f97a92c", "295": "6b911acf320ef3df071a23ee85853077", "296": "ff068582aa38080cadd29f13a1e2b136", "297": "990f9c6b5bc58dcd60f00c213dc7d5e7", "298": "10068415a8d75b35e75d4b246d487105", "299": "aa5fde42c0c86552c81af1b5ad58b33b", "300": "19baa750d08cd889b63dd430d32298e7", "301": "e3048a17db3e2490ab6a56ef2b0eec84", "302": "3d7896b2ff3f8c2bd6842388f1eb3f55", "303": "ab47be10ab84bf900d107ed688c00bee", "304": "95f022dd6f8aea7c121c532a5eb7c0c0", "305": "bb5c66833eabf941245608c10f10c286", "306": "5e8e4c40e2fbfb4f9bcf1e5d92a9230d", "307": "2fc21a0f1bd2a1117b2f3a6e647bd8fb", "308": "89c7a9c1c0bef0b66b7255414c39d6c5", "309": "3503c26ed61ed9f202d772a43cc28afd", "310": "0d907e865b2d63f63d77bec3e0f0c043", "311": "82cdd6368e921d1b0c49401e6b33efb2", "312": "0cbd0da3ba233aaad778b66300d4be1e", "313": "a0c7127d5ee190f7fbe22704dac51159", "314": "2379826b4b2de61be974ca78a52c9793", "315": "bfd63b74c10edebbbdb161cb236b34cd", "316": "c6759cee9380d8bc10f9499944800683", "317": "cd31eef32ac8e1b52f6d43d3500a0804", "318": "cffdb188883d3f365e1f3c146004b7b9", "319": "80f582e965d5fb672d259275ca6ce887", "320": "b6c5a6098ae8ef35da24c3d1e5420ab1", "321": "e2ef7bce2e0b710052c9e42f0c50aa41", "322": "c2707a285fae7dc5b5f21f1352e06a6b", "323": "915fbfd3820c290576d365e47928f0bc", "324": "2b42a872a0f52e0591ea86b71ab14cac", "325": "9d56cea914bb818037591ec6c39ea7e3", "326": "49910a887d836d67412144a8fed24826", "327": "d2f0bc6df83073345e0f2faf2bee3c3a", "328": "5d98f4ee830d72db5342465ed7bb1a54", "329": "ea7d6d255905d51dc2b9b45f9514545d", "330": "6f96d0dd5d0752f0524018ac3bc1c37d", "331": "3a6efba0fb40b652a710154466dcb1c0", "332": "762d9253d2625378832e8770d28b26c0", "333": "4ec7ab72f01615269f1d1f15fe3f1af3", "334": "040734aa84cacc334afdc3ca93149e00", "335": "ce91b372ca00b9253f957490681aab28", "336": "082e09a119d1788d974382118d1dee86", "337": "75e92e50009ce164ec37ebed6daa9d32", "338": "8d79d06c2cd8d05950ac2e487d08854e", "339": "6b8e17789d1c61c6c006f37933626b87", "340": "acbd11861015ce97eb9d8b373c0580f1", "341": "5ef0b3e2cae404b716b019e9b16284c1", "342": "870720a4b2e00968187a57fe6567ad74", "343": "fe9a25792105ed115d27b00fc7b61cd0", "344": "21319edba5d9a088ceece660fc3dfc88", "345": "017e46de4dba3dbd794b72c94c6886de", "346": "4e05b2570b68223c119e9f61e5a0c192", "347": "d30ea52c152632a117f50b795a6b15b9", "348": "1108abde9c040fa624c546e316085909", "349": "ca3698bf67768799f29405f7f5b31168", "350": "655584665f0b2ebcd02c57303fc1c598", "351": "473f834908198583b1cf5f0d1070fb21", "352": "932988aa2e3cc77224912e8e649ff182", "353": "6fea06eb7e62599ede9bf0fa652bd8c7", "354": "987f2b9be36c1163ff42507e7d0ccbdb", "355": "cceea480bd42edafbde1558ff0862455", "356": "dd62c28831a0c333c92a404a55919d28", "357": "c94e699f741d43bf391949afa22da503", "358": "307dfa408a0ec84a40b564ebdbb8a9cc", "359": "f229863b9e87b34374f20f129c7ba1b1", "360": "1f4d988e7fc599dcaef1bbbc63e1f6cc", "361": "3b75bfa244c0fd7bee7d52999b78f26c", "362": "03f801dac6dee5093c9e998eac0e21cb", "363": "1a05ee4a99a592776303080434391fde", "364": "e6b58b793c6b183cd6c655d34f2c043d", "365": "729596da1ab9175620b7f44390033d8c", "366": "23c56c41216eb9e51e1794da7527d443", "367": "3ea807f5d4b0e86b3da58b1420467f25", "368": "0149844c2c4444cfc6dedf56759bce25", "369": "2c7ee7862b53b640df1ad30e3891bdf6", "370": "e0d1b5cc1ef3369c3835ccbf57ba9b12", "371": "a9032dfaf8d63fd3baef46736fc5c0eb", "372": "0db5efaa02f475e414c50100182c298e", "373": "0d5a109f516285ff2eb02b5661a8fd98", "374": "8b203e661d1d6042556090d9e94b9205", "375": "efcb9cdaf7157960f4f4cbab848d2e5e", "376": "44010100531b0aed4e54de6c4fd7aed9", "377": "ff9d67bb2f5dce8379b51c544144921b", "378": "f011dad3080b06ceaf736b4f9f850bf1", "379": "35edc53ea8f7fd910da5792f7ff11a33", "380": "22a680471523a369fc49613dbfbc68f0", "381": "ede855e84c39bc5324c3dc415b3a8fd6", "382": "1b19d74de551ef8cb765ff676ad476f6", "383": "c62a37cab7b56c75a77ae3af2b0ee9da", "384": "357afc5ad401315378b38fd51340114e", "385": "321d5c7d1eb4a0adf3f9b5d275d977a9", "386": "fa301c4bfbc7f35104cdfb562c07f07c", "387": "19f79302e6dbdf7ccd04a7170477906b", "388": "5649fa97a87aef6493b817697aedde9f", "389": "c2d31cb3e2451e1c7ce0c5759c35a455", "390": "58c15bb96a1c4b6a2d8d80971136bdd5", "391": "b50fb469a30371b804a68336d5cb9f83", "392": "3fdc642a67f8ea5bf127f2c80e948621", "393": "cb993d22168132f74be5ac72e86241b9", "394": "6878ba3a6e584486aecde0ac92df9ac7", "395": "1523517c478f20671b02212a228cba70", "396": "655469f638da42185a7044293c99a636", "397": "7fc61a40e868abb2967e35e7c15675fb", "398": "7984af350d8937de8bd0cdf380f2f132", "399": "e9b7107a374229d9c1d7e9463cb4278b", "400": "256019c5bc4855ead9345deb6fa84977", "401": "a27e4cb557d1c20cfabb0a4da0d48123", "402": "3e2677bfb3c19ced73b9575fbf3b201d", "403": "2afc819669bcc625499f1e2bae49ab13", "404": "8f66f921aed44422d114e78e3cd31860", "405": "2d61c8344aab6c008d4ddb34e2b344a4", "406": "73ed6ab5ac2d86f69969d5c84f2fa518", "407": "29c8799199dbe180fcbde8b688e29955", "408": "7a681b8e4461939ab724a55265f205cf", "409": "88f1513dcc554ff9ad90ee0261312ee0", "410": "0a628e83b5a394c6fa137c522e4669bf", "411": "9afe3027c832b22a606d299e073e2cdf", "412": "d13e26813527f591482ae31dfde4e0e6", "413": "c2caa3e3355b372eaf8f5c3563e69f4d", "414": "abc76c83be0bc2552285d24524cb9d92", "415": "5d7ec8fe6265beacd9836223200d6242", "416": "ae324582e4a16700053f678c1003c4f6", "417": "4a848715b8fb8f02876ea27e81154d81", "418": "895b720ad052eae65391de4da1cb0daf", "419": "974c3f0c31d79c41591f157391cb9bc6", "420": "6df1bc43b178bc5e10264736a1fe2d3f", "421": "28e2f646c69048e29df40dc7f28667f9", "422": "1f8eb7a9f426158a0d6d869c136376b9", "423": "369f0ef3598ddfcb5d1c4cb1c72e75b3", "424": "fb30900dc1369d8374ad84bc41d59413", "425": "ccfd46f4278674080e4440f7c61ca42b", "426": "77c9eacfef0f8a4113e19783b689872c", "427": "9f25763c5b346de7992d7bc7e37a0648", "428": "05cdeb65f7faf0d9850d06fb30f673e7", "429": "72b543a392c72184409637fb7cb2b876", "430": "deae85858f196523b5eb5f693ca3c5f5", "431": "9e15201332e0a4875f5d684bdb37cd1f", "432": "ca1662b715be956f2b876e3429b91f01", "433": "758809f28e630810d9881978498f83f4", "434": "ea041f3e8024ff53f3a0640517496e38", "435": "f4f3ebc5bdc5604ff2f9590c3bea1bc0", "436": "b6f1e4890c5106eb33892aec6c39b27f", "437": "4ab644a5cb12d5651c02867a141fe149", "438": "d7e58a8375c1616a5e79ef964562f7d1", "439": "b20ae26cd14ecc5ebb7c62623f521d45", "440": "5876d2c19adc0907918251f934c5ad94", "441": "4697e732533b9d5b1822d229abe7054c", "442": "9e67f0dcff134e97f1aac9e23667d893", "443": "a4e2815bff3bb529c3c2446f6aa0ca80", "444": "bd611b4463bde21e647336b0695bd489", "445": "136764d30538641ef74525276df4e3f1", "446": "6c984178d72e9cc76027d24be0b6214e", "447": "41b07d609464a3cf81f7e0ff7d8f87b5", "448": "a63fe0374f07c9a6ea31459d16741895", "449": "54eb92712daa9db1cbc2c91b2d0fc029", "450": "7a28e4b4834567069a8bf23b53693455", "451": "bb2c8d1a6930171da476c85584562cf3", "452": "453ef866ded861c5ac1cfdca014a3517", "453": "01dde06c119783d2191438dd1d89aaef", "454": "d8d53e260a706bcb707dc7ae6307e66e", "455": "124e2c7215de020cdd93713c3cb7ec29", "456": "e52b0828c2fda50e928daa9a58cf4834", "457": "d171ce0e6f7c325ef709e80cfae3bd3d", "458": "473c14192c206a7e863d4c15887f48a9", "459": "d73e975ea22787d4254c953681fce084", "460": "7e4ad55b6f47412082fe8435e6a08daf", "461": "4121307ccb2d8afa1768f7fb29040e46", "462": "d9ab904213d0569eea1a6d71efc4f81b", "463": "27aee6f7d2769089c8ff48bbc9b7e015", "464": "b06a3b2d89c13fb1daaebfb4e1083ace", "465": "ebbf79679ece8abec799c639661541bc", "466": "8bea9f91868d5dfd08f4f63db9003af4", "467": "c3e24e38f7992b656ced98c261a42ade", "468": "9535ef31bf07a241b461e19938908cf0", "469": "90cd7791294cade690312ce8aa2b355b", "470": "c95aacffa2f27d63840deaa92d32b30b", "471": "25b1d415219ab034862125ea34467837", "472": "8f422688a5398eb7550158378ee55225", "473": "ccc6bd2d0d02619adf45a1d7c44e0138", "474": "96123d468a9cc9d9a6f47dbcf0db9e8e", "475": "300f492a6c58278eef695d8e27cb48ed", "476": "207c86cb98b65ce850f8f776dc1f651e", "477": "9f34555985d6e0e4fd58329665310dcb", "478": "ecef624e07ba9dcd3567dcd3213ced52", "479": "e868469b6d8eb971ef8b6ee0a6e995aa", "480": "ca28c6a5c208de4b96163bc7c2d6a7d5", "481": "071810393451ba7010331b91a6ce0579", "482": "03264cdb951e012a3cfccf6a51cce263", "483": "0e7ad379747abd3ac3a2c4b07a92130b", "484": "4b46e85cc0aabb6b08287a47d4308165", "485": "f650034e4c0e8b90153fb04af75930c0", "486": "5749820d7f2c645d5effaaee672c4591", "487": "112aa77d37bd898449d4dedb7e381ef0", "488": "bb35ce08527507e7fab0e2ba2c37d519", "489": "7c81e9b4c58e2cfe966600949fc4948c", "490": "ffb15c98d4fb6c54120f0c309d095df6", "491": "7e7c623caca58ca6ee2e871a7f252044", "492": "fb076bcd5e29ad4d5a6bdc4d203d1880", "493": "da6eb2def32a43fd8a2ffc72c59bc220", "494": "ae5cbaace7e2588a2c594e8f88dbac8b", "495": "a64617e36733bfb9271a99d4b2423322", "496": "203c1412a9815432f34dc7f3137b0104", "497": "91f231ffbeb237d6dea0cd0dbdb08da7", "498": "5c37e36c6ddc3d3d4bc68c53bda3a805", "499": "3dbbf4fd68f006ced59a69a0950633c1"}, "display": {"search_start": "2024-09-10T23:29:30.163695", "trial_start": {"000": "2024-09-10T23:29:30.163695", "001": "2024-09-10T23:29:36.775044", "002": "2024-09-10T23:29:43.542159", "003": "2024-09-10T23:29:55.026276", "004": "2024-09-10T23:30:13.938949", "005": "2024-09-10T23:30:22.474920", "006": "2024-09-10T23:30:42.495488", "007": "2024-09-10T23:30:47.020961", "008": "2024-09-10T23:31:05.723337", "009": "2024-09-10T23:31:24.528517", "010": "2024-09-10T23:31:30.700740", "011": "2024-09-10T23:31:39.278039", "012": "2024-09-10T23:31:53.466023", "013": "2024-09-10T23:31:58.226834", "014": "2024-09-10T23:32:02.785130", "015": "2024-09-10T23:32:09.711985", "016": "2024-09-10T23:32:25.617242", "017": "2024-09-10T23:32:42.272663", "018": "2024-09-10T23:32:53.824157", "019": "2024-09-10T23:33:04.316299", "020": "2024-09-10T23:33:22.710304", "021": "2024-09-10T23:33:29.973976", "022": "2024-09-10T23:33:45.232654", "023": "2024-09-10T23:33:50.991778", "024": "2024-09-10T23:33:58.443696", "025": "2024-09-10T23:34:16.740853", "026": "2024-09-10T23:34:22.696478", "027": "2024-09-10T23:34:31.222825", "028": "2024-09-10T23:34:42.824467", "029": "2024-09-10T23:34:58.169095", "030": "2024-09-10T23:35:07.889128", "031": "2024-09-10T23:35:16.007257", "032": "2024-09-10T23:35:36.166821", "033": "2024-09-10T23:35:49.058166", "034": "2024-09-10T23:35:57.768613", "035": "2024-09-10T23:36:08.162775", "036": "2024-09-10T23:36:17.963771", "037": "2024-09-10T23:36:37.830762", "038": "2024-09-10T23:36:46.995666", "039": "2024-09-10T23:36:55.439169", "040": "2024-09-10T23:37:05.773148", "041": "2024-09-10T23:37:16.819796", "042": "2024-09-10T23:37:36.196593", "043": "2024-09-10T23:37:47.255866", "044": "2024-09-10T23:37:57.221863", "045": "2024-09-10T23:38:03.229855", "046": "2024-09-10T23:38:26.138922", "047": "2024-09-10T23:38:32.143938", "048": "2024-09-10T23:38:42.683837", "049": "2024-09-10T23:38:50.354255", "050": "2024-09-10T23:38:59.336996", "051": "2024-09-10T23:39:13.787846", "052": "2024-09-10T23:39:32.224563", "053": "2024-09-10T23:39:43.458691", "054": "2024-09-10T23:39:54.258969", "055": "2024-09-10T23:40:11.726560", "056": "2024-09-10T23:40:33.212181", "057": "2024-09-10T23:40:51.971034", "058": "2024-09-10T23:41:09.649297", "059": "2024-09-10T23:41:17.494394", "060": "2024-09-10T23:41:24.395273", "061": "2024-09-10T23:41:34.373842", "062": "2024-09-10T23:41:53.265400", "063": "2024-09-10T23:42:02.876125", "064": "2024-09-10T23:42:19.874689", "065": "2024-09-10T23:42:32.521127", "066": "2024-09-10T23:42:49.349348", "067": "2024-09-10T23:43:00.684129", "068": "2024-09-10T23:43:10.988701", "069": "2024-09-10T23:43:29.317588", "070": "2024-09-10T23:43:48.305953", "071": "2024-09-10T23:44:04.606133", "072": "2024-09-10T23:44:12.832564", "073": "2024-09-10T23:44:22.338838", "074": "2024-09-10T23:44:42.301692", "075": "2024-09-10T23:44:52.418923", "076": "2024-09-10T23:45:05.352488", "077": "2024-09-10T23:45:16.313800", "078": "2024-09-10T23:45:27.395751", "079": "2024-09-10T23:45:47.369640", "080": "2024-09-10T23:46:05.485269", "081": "2024-09-10T23:46:14.284962", "082": "2024-09-10T23:46:24.635543", "083": "2024-09-10T23:46:33.323050", "084": "2024-09-10T23:46:44.986418", "085": "2024-09-10T23:47:04.682853", "086": "2024-09-10T23:47:26.306606", "087": "2024-09-10T23:47:34.772677", "088": "2024-09-10T23:47:44.450255", "089": "2024-09-10T23:47:57.691157", "090": "2024-09-10T23:48:16.506054", "091": "2024-09-10T23:48:28.986668", "092": "2024-09-10T23:48:40.288161", "093": "2024-09-10T23:48:59.616105", "094": "2024-09-10T23:49:22.045018", "095": "2024-09-10T23:49:31.896040", "096": "2024-09-10T23:49:44.854721", "097": "2024-09-10T23:49:54.973326", "098": "2024-09-10T23:50:06.909595", "099": "2024-09-10T23:50:18.456679", "100": "2024-09-10T23:50:31.832634", "101": "2024-09-10T23:50:48.210301", "102": "2024-09-10T23:51:06.228425", "103": "2024-09-10T23:51:14.303170", "104": "2024-09-10T23:51:28.165867", "105": "2024-09-10T23:51:41.919276", "106": "2024-09-10T23:51:53.345087", "107": "2024-09-10T23:52:05.404589", "108": "2024-09-10T23:52:23.751513", "109": "2024-09-10T23:52:36.523921", "110": "2024-09-10T23:52:48.314556", "111": "2024-09-10T23:52:56.989029", "112": "2024-09-10T23:53:11.901735", "113": "2024-09-10T23:53:23.777343", "114": "2024-09-10T23:53:34.723343", "115": "2024-09-10T23:53:47.119890", "116": "2024-09-10T23:54:02.439733", "117": "2024-09-10T23:54:15.666894", "118": "2024-09-10T23:54:32.478593", "119": "2024-09-10T23:54:46.156395", "120": "2024-09-10T23:55:08.912700", "121": "2024-09-10T23:55:18.429112", "122": "2024-09-10T23:55:28.530083", "123": "2024-09-10T23:55:43.445349", "124": "2024-09-10T23:55:55.020581", "125": "2024-09-10T23:56:11.369393", "126": "2024-09-10T23:56:32.433363", "127": "2024-09-10T23:56:42.889726", "128": "2024-09-10T23:56:54.184648", "129": "2024-09-10T23:57:06.443932", "130": "2024-09-10T23:57:29.177352", "131": "2024-09-10T23:57:52.863132", "132": "2024-09-10T23:58:03.879145", "133": "2024-09-10T23:58:22.982241", "134": "2024-09-10T23:58:36.537744", "135": "2024-09-10T23:58:50.949730", "136": "2024-09-10T23:59:02.174332", "137": "2024-09-10T23:59:13.478998", "138": "2024-09-10T23:59:33.381454", "139": "2024-09-10T23:59:47.070494", "140": "2024-09-10T23:59:57.788700", "141": "2024-09-11T00:00:08.548664", "142": "2024-09-11T00:00:23.948712", "143": "2024-09-11T00:00:38.333911", "144": "2024-09-11T00:00:58.194702", "145": "2024-09-11T00:01:10.433733", "146": "2024-09-11T00:01:21.422734", "147": "2024-09-11T00:01:44.371513", "148": "2024-09-11T00:01:56.901207", "149": "2024-09-11T00:02:10.746922", "150": "2024-09-11T00:02:31.636999", "151": "2024-09-11T00:02:51.251267", "152": "2024-09-11T00:03:14.827362", "153": "2024-09-11T00:03:26.557401", "154": "2024-09-11T00:03:39.693374", "155": "2024-09-11T00:03:48.466248", "156": "2024-09-11T00:04:00.330304", "157": "2024-09-11T00:04:22.634855", "158": "2024-09-11T00:04:49.031924", "159": "2024-09-11T00:05:10.485952", "160": "2024-09-11T00:05:25.876927", "161": "2024-09-11T00:05:40.038899", "162": "2024-09-11T00:06:00.901918", "163": "2024-09-11T00:06:19.003423", "164": "2024-09-11T00:06:33.333877", "165": "2024-09-11T00:06:49.650760", "166": "2024-09-11T00:07:16.341411", "167": "2024-09-11T00:07:26.664661", "168": "2024-09-11T00:07:37.566097", "169": "2024-09-11T00:07:59.186019", "170": "2024-09-11T00:08:13.194213", "171": "2024-09-11T00:08:29.838387", "172": "2024-09-11T00:08:42.225295", "173": "2024-09-11T00:08:54.824386", "174": "2024-09-11T00:09:06.362268", "175": "2024-09-11T00:09:19.486091", "176": "2024-09-11T00:09:40.056367", "177": "2024-09-11T00:09:52.125406", "178": "2024-09-11T00:10:14.974475", "179": "2024-09-11T00:10:40.207649", "180": "2024-09-11T00:11:01.357695", "181": "2024-09-11T00:11:19.174621", "182": "2024-09-11T00:11:36.585763", "183": "2024-09-11T00:11:57.988739", "184": "2024-09-11T00:12:13.685061", "185": "2024-09-11T00:12:26.148704", "186": "2024-09-11T00:12:47.140967", "187": "2024-09-11T00:12:58.967550", "188": "2024-09-11T00:13:16.941381", "189": "2024-09-11T00:13:31.024986", "190": "2024-09-11T00:13:46.434937", "191": "2024-09-11T00:14:13.144838", "192": "2024-09-11T00:14:31.307032", "193": "2024-09-11T00:14:47.054347", "194": "2024-09-11T00:15:02.075264", "195": "2024-09-11T00:15:24.771323", "196": "2024-09-11T00:15:37.557395", "197": "2024-09-11T00:16:01.812826", "198": "2024-09-11T00:16:16.318445", "199": "2024-09-11T00:16:33.725577", "200": "2024-09-11T00:16:48.904567", "201": "2024-09-11T00:17:11.774718", "202": "2024-09-11T00:17:29.710837", "203": "2024-09-11T00:17:44.960853", "204": "2024-09-11T00:18:06.437081", "205": "2024-09-11T00:18:31.219949", "206": "2024-09-11T00:18:47.632117", "207": "2024-09-11T00:19:04.054883", "208": "2024-09-11T00:19:17.146317", "209": "2024-09-11T00:19:38.910209", "210": "2024-09-11T00:20:02.815471", "211": "2024-09-11T00:20:16.321826", "212": "2024-09-11T00:20:30.234037", "213": "2024-09-11T00:20:43.782859", "214": "2024-09-11T00:20:58.961204", "215": "2024-09-11T00:21:18.947428", "216": "2024-09-11T00:21:40.101862", "217": "2024-09-11T00:21:58.341718", "218": "2024-09-11T00:22:13.366722", "219": "2024-09-11T00:22:25.736832", "220": "2024-09-11T00:22:39.490961", "221": "2024-09-11T00:22:51.833475", "222": "2024-09-11T00:23:08.716367", "223": "2024-09-11T00:23:31.006657", "224": "2024-09-11T00:23:47.092843", "225": "2024-09-11T00:24:10.865337", "226": "2024-09-11T00:24:25.493441", "227": "2024-09-11T00:24:53.272974", "228": "2024-09-11T00:25:14.614398", "229": "2024-09-11T00:25:27.259124", "230": "2024-09-11T00:25:39.659207", "231": "2024-09-11T00:26:03.698215", "232": "2024-09-11T00:26:29.697037", "233": "2024-09-11T00:26:46.077727", "234": "2024-09-11T00:27:03.871421", "235": "2024-09-11T00:27:17.109138", "236": "2024-09-11T00:27:38.645383", "237": "2024-09-11T00:28:04.797707", "238": "2024-09-11T00:28:20.465683", "239": "2024-09-11T00:28:44.200327", "240": "2024-09-11T00:29:03.910736", "241": "2024-09-11T00:29:19.388048", "242": "2024-09-11T00:29:33.428128", "243": "2024-09-11T00:29:57.455966", "244": "2024-09-11T00:30:10.813426", "245": "2024-09-11T00:30:39.060792", "246": "2024-09-11T00:30:53.192255", "247": "2024-09-11T00:31:11.546533", "248": "2024-09-11T00:31:26.618747", "249": "2024-09-11T00:31:52.477439", "250": "2024-09-11T00:32:08.032366", "251": "2024-09-11T00:32:28.109517", "252": "2024-09-11T00:32:46.107163", "253": "2024-09-11T00:33:01.671107", "254": "2024-09-11T00:33:17.445591", "255": "2024-09-11T00:33:34.231761", "256": "2024-09-11T00:33:48.313679", "257": "2024-09-11T00:34:10.192106", "258": "2024-09-11T00:34:23.174767", "259": "2024-09-11T00:34:45.260340", "260": "2024-09-11T00:35:00.726268", "261": "2024-09-11T00:35:21.549683", "262": "2024-09-11T00:35:40.779012", "263": "2024-09-11T00:35:58.490015", "264": "2024-09-11T00:36:26.344477", "265": "2024-09-11T00:36:46.387319", "266": "2024-09-11T00:37:03.266025", "267": "2024-09-11T00:37:22.199793", "268": "2024-09-11T00:37:46.659580", "269": "2024-09-11T00:38:09.638722", "270": "2024-09-11T00:38:24.343471", "271": "2024-09-11T00:38:39.952273", "272": "2024-09-11T00:38:57.169372", "273": "2024-09-11T00:39:20.559652", "274": "2024-09-11T00:39:48.587797", "275": "2024-09-11T00:40:05.835164", "276": "2024-09-11T00:40:21.562719", "277": "2024-09-11T00:40:38.952708", "278": "2024-09-11T00:41:02.037160", "279": "2024-09-11T00:41:16.331512", "280": "2024-09-11T00:41:42.616787", "281": "2024-09-11T00:42:01.854545", "282": "2024-09-11T00:42:18.380005", "283": "2024-09-11T00:42:45.022831", "284": "2024-09-11T00:43:13.498375", "285": "2024-09-11T00:43:37.697362", "286": "2024-09-11T00:43:56.969555", "287": "2024-09-11T00:44:16.407916", "288": "2024-09-11T00:44:35.075129", "289": "2024-09-11T00:44:56.092353", "290": "2024-09-11T00:45:13.141692", "291": "2024-09-11T00:45:29.660690", "292": "2024-09-11T00:45:57.831585", "293": "2024-09-11T00:46:16.623139", "294": "2024-09-11T00:46:35.696303", "295": "2024-09-11T00:46:54.491561", "296": "2024-09-11T00:47:14.946958", "297": "2024-09-11T00:47:36.246129", "298": "2024-09-11T00:48:00.045563", "299": "2024-09-11T00:48:27.829586", "300": "2024-09-11T00:48:43.674381", "301": "2024-09-11T00:49:05.541155", "302": "2024-09-11T00:49:21.531265", "303": "2024-09-11T00:49:40.961871", "304": "2024-09-11T00:50:07.742737", "305": "2024-09-11T00:50:27.963844", "306": "2024-09-11T00:50:51.160199", "307": "2024-09-11T00:51:09.419861", "308": "2024-09-11T00:51:33.740149", "309": "2024-09-11T00:51:49.744047", "310": "2024-09-11T00:52:08.925146", "311": "2024-09-11T00:52:24.310491", "312": "2024-09-11T00:52:42.128815", "313": "2024-09-11T00:53:09.042270", "314": "2024-09-11T00:53:24.426323", "315": "2024-09-11T00:53:43.386439", "316": "2024-09-11T00:54:07.222450", "317": "2024-09-11T00:54:29.932819", "318": "2024-09-11T00:54:55.629679", "319": "2024-09-11T00:55:16.188909", "320": "2024-09-11T00:55:32.911169", "321": "2024-09-11T00:55:50.271931", "322": "2024-09-11T00:56:20.062421", "323": "2024-09-11T00:56:48.984514", "324": "2024-09-11T00:57:06.058905", "325": "2024-09-11T00:57:22.380993", "326": "2024-09-11T00:57:39.048126", "327": "2024-09-11T00:57:58.389684", "328": "2024-09-11T00:58:25.234255", "329": "2024-09-11T00:58:51.034999", "330": "2024-09-11T00:59:14.327746", "331": "2024-09-11T00:59:38.053614", "332": "2024-09-11T00:59:58.353001", "333": "2024-09-11T01:00:16.315078", "334": "2024-09-11T01:00:45.643209", "335": "2024-09-11T01:01:14.424294", "336": "2024-09-11T01:01:35.040667", "337": "2024-09-11T01:01:55.538548", "338": "2024-09-11T01:02:21.495489", "339": "2024-09-11T01:02:44.445084", "340": "2024-09-11T01:03:10.418605", "341": "2024-09-11T01:03:32.076615", "342": "2024-09-11T01:04:01.816735", "343": "2024-09-11T01:04:19.019682", "344": "2024-09-11T01:04:41.382160", "345": "2024-09-11T01:05:02.405657", "346": "2024-09-11T01:05:21.531624", "347": "2024-09-11T01:05:41.278400", "348": "2024-09-11T01:06:08.656931", "349": "2024-09-11T01:06:26.031981", "350": "2024-09-11T01:06:55.301876", "351": "2024-09-11T01:07:16.436888", "352": "2024-09-11T01:07:32.988011", "353": "2024-09-11T01:07:53.648611", "354": "2024-09-11T01:08:12.044995", "355": "2024-09-11T01:08:29.404096", "356": "2024-09-11T01:08:49.232943", "357": "2024-09-11T01:09:12.217645", "358": "2024-09-11T01:09:32.365312", "359": "2024-09-11T01:09:53.032072", "360": "2024-09-11T01:10:13.322777", "361": "2024-09-11T01:10:35.754313", "362": "2024-09-11T01:11:06.718758", "363": "2024-09-11T01:11:37.262986", "364": "2024-09-11T01:11:57.801690", "365": "2024-09-11T01:12:17.399173", "366": "2024-09-11T01:12:35.653839", "367": "2024-09-11T01:12:54.395015", "368": "2024-09-11T01:13:11.430627", "369": "2024-09-11T01:13:31.606251", "370": "2024-09-11T01:14:02.021848", "371": "2024-09-11T01:14:27.970773", "372": "2024-09-11T01:14:46.335674", "373": "2024-09-11T01:15:18.434390", "374": "2024-09-11T01:15:46.710159", "375": "2024-09-11T01:16:08.015823", "376": "2024-09-11T01:16:27.498531", "377": "2024-09-11T01:16:47.162054", "378": "2024-09-11T01:17:14.043209", "379": "2024-09-11T01:17:35.539307", "380": "2024-09-11T01:17:55.160882", "381": "2024-09-11T01:18:17.006561", "382": "2024-09-11T01:18:37.855257", "383": "2024-09-11T01:18:54.320217", "384": "2024-09-11T01:19:14.058472", "385": "2024-09-11T01:19:34.194038", "386": "2024-09-11T01:19:52.829880", "387": "2024-09-11T01:20:13.479392", "388": "2024-09-11T01:20:42.993439", "389": "2024-09-11T01:21:04.903018", "390": "2024-09-11T01:21:35.379175", "391": "2024-09-11T01:22:04.755957", "392": "2024-09-11T01:22:27.645761", "393": "2024-09-11T01:22:48.999925", "394": "2024-09-11T01:23:17.554797", "395": "2024-09-11T01:23:38.411280", "396": "2024-09-11T01:23:57.210568", "397": "2024-09-11T01:24:21.339513", "398": "2024-09-11T01:24:38.888870", "399": "2024-09-11T01:25:06.552544", "400": "2024-09-11T01:25:30.374141", "401": "2024-09-11T01:25:48.085923", "402": "2024-09-11T01:26:19.670140", "403": "2024-09-11T01:26:41.357588", "404": "2024-09-11T01:27:03.882343", "405": "2024-09-11T01:27:31.711055", "406": "2024-09-11T01:28:03.920066", "407": "2024-09-11T01:28:26.628961", "408": "2024-09-11T01:28:55.479902", "409": "2024-09-11T01:29:25.654747", "410": "2024-09-11T01:29:45.530106", "411": "2024-09-11T01:30:07.236662", "412": "2024-09-11T01:30:35.989217", "413": "2024-09-11T01:31:03.738912", "414": "2024-09-11T01:31:31.276642", "415": "2024-09-11T01:31:50.075000", "416": "2024-09-11T01:32:10.750177", "417": "2024-09-11T01:32:31.315768", "418": "2024-09-11T01:32:52.891934", "419": "2024-09-11T01:33:22.590392", "420": "2024-09-11T01:33:43.870114", "421": "2024-09-11T01:34:16.829860", "422": "2024-09-11T01:34:39.126115", "423": "2024-09-11T01:35:01.194635", "424": "2024-09-11T01:35:21.713461", "425": "2024-09-11T01:35:42.569962", "426": "2024-09-11T01:36:04.764276", "427": "2024-09-11T01:36:23.798541", "428": "2024-09-11T01:36:43.120221", "429": "2024-09-11T01:37:02.897821", "430": "2024-09-11T01:37:23.208363", "431": "2024-09-11T01:37:45.858853", "432": "2024-09-11T01:38:06.067751", "433": "2024-09-11T01:38:26.812380", "434": "2024-09-11T01:38:48.214791", "435": "2024-09-11T01:39:12.210636", "436": "2024-09-11T01:39:33.049029", "437": "2024-09-11T01:39:56.566223", "438": "2024-09-11T01:40:19.200145", "439": "2024-09-11T01:40:49.831450", "440": "2024-09-11T01:41:10.117365", "441": "2024-09-11T01:41:33.054900", "442": "2024-09-11T01:41:56.949132", "443": "2024-09-11T01:42:15.697212", "444": "2024-09-11T01:42:46.722160", "445": "2024-09-11T01:43:08.222799", "446": "2024-09-11T01:43:41.102833", "447": "2024-09-11T01:44:01.928484", "448": "2024-09-11T01:44:25.403020", "449": "2024-09-11T01:44:49.697541", "450": "2024-09-11T01:45:11.903875", "451": "2024-09-11T01:45:34.049395", "452": "2024-09-11T01:45:56.947783", "453": "2024-09-11T01:46:28.392165", "454": "2024-09-11T01:46:59.657163", "455": "2024-09-11T01:47:24.019033", "456": "2024-09-11T01:47:46.069725", "457": "2024-09-11T01:48:08.775984", "458": "2024-09-11T01:48:34.348874", "459": "2024-09-11T01:48:56.267665", "460": "2024-09-11T01:49:25.938982", "461": "2024-09-11T01:49:50.486703", "462": "2024-09-11T01:50:22.625022", "463": "2024-09-11T01:50:45.452743", "464": "2024-09-11T01:51:19.029936", "465": "2024-09-11T01:51:50.789687", "466": "2024-09-11T01:52:20.046828", "467": "2024-09-11T01:52:52.847477", "468": "2024-09-11T01:53:15.041717", "469": "2024-09-11T01:53:41.822399", "470": "2024-09-11T01:54:14.655830", "471": "2024-09-11T01:54:36.848371", "472": "2024-09-11T01:55:07.898555", "473": "2024-09-11T01:55:29.433741", "474": "2024-09-11T01:56:00.154974", "475": "2024-09-11T01:56:34.051160", "476": "2024-09-11T01:56:58.093029", "477": "2024-09-11T01:57:28.399425", "478": "2024-09-11T01:57:52.364208", "479": "2024-09-11T01:58:15.872454", "480": "2024-09-11T01:58:52.312665", "481": "2024-09-11T01:59:13.839207", "482": "2024-09-11T01:59:35.188582", "483": "2024-09-11T01:59:59.504630", "484": "2024-09-11T02:00:32.675167", "485": "2024-09-11T02:01:01.578914", "486": "2024-09-11T02:01:22.380993", "487": "2024-09-11T02:01:52.301300", "488": "2024-09-11T02:02:25.498415", "489": "2024-09-11T02:03:00.397818", "490": "2024-09-11T02:03:28.390722", "491": "2024-09-11T02:03:57.187964", "492": "2024-09-11T02:04:20.860091", "493": "2024-09-11T02:04:54.879037", "494": "2024-09-11T02:05:18.791588", "495": "2024-09-11T02:05:43.925105", "496": "2024-09-11T02:06:06.230934", "497": "2024-09-11T02:06:37.025732", "498": "2024-09-11T02:07:00.405688", "499": "2024-09-11T02:07:24.587093"}, "trial_number": {"000": 1, "001": 2, "002": 3, "003": 4, "004": 5, "005": 6, "006": 7, "007": 8, "008": 9, "009": 10, "010": 11, "011": 12, "012": 13, "013": 14, "014": 15, "015": 16, "016": 17, "017": 18, "018": 19, "019": 20, "020": 21, "021": 22, "022": 23, "023": 24, "024": 25, "025": 26, "026": 27, "027": 28, "028": 29, "029": 30, "030": 31, "031": 32, "032": 33, "033": 34, "034": 35, "035": 36, "036": 37, "037": 38, "038": 39, "039": 40, "040": 41, "041": 42, "042": 43, "043": 44, "044": 45, "045": 46, "046": 47, "047": 48, "048": 49, "049": 50, "050": 51, "051": 52, "052": 53, "053": 54, "054": 55, "055": 56, "056": 57, "057": 58, "058": 59, "059": 60, "060": 61, "061": 62, "062": 63, "063": 64, "064": 65, "065": 66, "066": 67, "067": 68, "068": 69, "069": 70, "070": 71, "071": 72, "072": 73, "073": 74, "074": 75, "075": 76, "076": 77, "077": 78, "078": 79, "079": 80, "080": 81, "081": 82, "082": 83, "083": 84, "084": 85, "085": 86, "086": 87, "087": 88, "088": 89, "089": 90, "090": 91, "091": 92, "092": 93, "093": 94, "094": 95, "095": 96, "096": 97, "097": 98, "098": 99, "099": 100, "100": 101, "101": 102, "102": 103, "103": 104, "104": 105, "105": 106, "106": 107, "107": 108, "108": 109, "109": 110, "110": 111, "111": 112, "112": 113, "113": 114, "114": 115, "115": 116, "116": 117, "117": 118, "118": 119, "119": 120, "120": 121, "121": 122, "122": 123, "123": 124, "124": 125, "125": 126, "126": 127, "127": 128, "128": 129, "129": 130, "130": 131, "131": 132, "132": 133, "133": 134, "134": 135, "135": 136, "136": 137, "137": 138, "138": 139, "139": 140, "140": 141, "141": 142, "142": 143, "143": 144, "144": 145, "145": 146, "146": 147, "147": 148, "148": 149, "149": 150, "150": 151, "151": 152, "152": 153, "153": 154, "154": 155, "155": 156, "156": 157, "157": 158, "158": 159, "159": 160, "160": 161, "161": 162, "162": 163, "163": 164, "164": 165, "165": 166, "166": 167, "167": 168, "168": 169, "169": 170, "170": 171, "171": 172, "172": 173, "173": 174, "174": 175, "175": 176, "176": 177, "177": 178, "178": 179, "179": 180, "180": 181, "181": 182, "182": 183, "183": 184, "184": 185, "185": 186, "186": 187, "187": 188, "188": 189, "189": 190, "190": 191, "191": 192, "192": 193, "193": 194, "194": 195, "195": 196, "196": 197, "197": 198, "198": 199, "199": 200, "200": 201, "201": 202, "202": 203, "203": 204, "204": 205, "205": 206, "206": 207, "207": 208, "208": 209, "209": 210, "210": 211, "211": 212, "212": 213, "213": 214, "214": 215, "215": 216, "216": 217, "217": 218, "218": 219, "219": 220, "220": 221, "221": 222, "222": 223, "223": 224, "224": 225, "225": 226, "226": 227, "227": 228, "228": 229, "229": 230, "230": 231, "231": 232, "232": 233, "233": 234, "234": 235, "235": 236, "236": 237, "237": 238, "238": 239, "239": 240, "240": 241, "241": 242, "242": 243, "243": 244, "244": 245, "245": 246, "246": 247, "247": 248, "248": 249, "249": 250, "250": 251, "251": 252, "252": 253, "253": 254, "254": 255, "255": 256, "256": 257, "257": 258, "258": 259, "259": 260, "260": 261, "261": 262, "262": 263, "263": 264, "264": 265, "265": 266, "266": 267, "267": 268, "268": 269, "269": 270, "270": 271, "271": 272, "272": 273, "273": 274, "274": 275, "275": 276, "276": 277, "277": 278, "278": 279, "279": 280, "280": 281, "281": 282, "282": 283, "283": 284, "284": 285, "285": 286, "286": 287, "287": 288, "288": 289, "289": 290, "290": 291, "291": 292, "292": 293, "293": 294, "294": 295, "295": 296, "296": 297, "297": 298, "298": 299, "299": 300, "300": 301, "301": 302, "302": 303, "303": 304, "304": 305, "305": 306, "306": 307, "307": 308, "308": 309, "309": 310, "310": 311, "311": 312, "312": 313, "313": 314, "314": 315, "315": 316, "316": 317, "317": 318, "318": 319, "319": 320, "320": 321, "321": 322, "322": 323, "323": 324, "324": 325, "325": 326, "326": 327, "327": 328, "328": 329, "329": 330, "330": 331, "331": 332, "332": 333, "333": 334, "334": 335, "335": 336, "336": 337, "337": 338, "338": 339, "339": 340, "340": 341, "341": 342, "342": 343, "343": 344, "344": 345, "345": 346, "346": 347, "347": 348, "348": 349, "349": 350, "350": 351, "351": 352, "352": 353, "353": 354, "354": 355, "355": 356, "356": 357, "357": 358, "358": 359, "359": 360, "360": 361, "361": 362, "362": 363, "363": 364, "364": 365, "365": 366, "366": 367, "367": 368, "368": 369, "369": 370, "370": 371, "371": 372, "372": 373, "373": 374, "374": 375, "375": 376, "376": 377, "377": 378, "378": 379, "379": 380, "380": 381, "381": 382, "382": 383, "383": 384, "384": 385, "385": 386, "386": 387, "387": 388, "388": 389, "389": 390, "390": 391, "391": 392, "392": 393, "393": 394, "394": 395, "395": 396, "396": 397, "397": 398, "398": 399, "399": 400, "400": 401, "401": 402, "402": 403, "403": 404, "404": 405, "405": 406, "406": 407, "407": 408, "408": 409, "409": 410, "410": 411, "411": 412, "412": 413, "413": 414, "414": 415, "415": 416, "416": 417, "417": 418, "418": 419, "419": 420, "420": 421, "421": 422, "422": 423, "423": 424, "424": 425, "425": 426, "426": 427, "427": 428, "428": 429, "429": 430, "430": 431, "431": 432, "432": 433, "433": 434, "434": 435, "435": 436, "436": 437, "437": 438, "438": 439, "439": 440, "440": 441, "441": 442, "442": 443, "443": 444, "444": 445, "445": 446, "446": 447, "447": 448, "448": 449, "449": 450, "450": 451, "451": 452, "452": 453, "453": 454, "454": 455, "455": 456, "456": 457, "457": 458, "458": 459, "459": 460, "460": 461, "461": 462, "462": 463, "463": 464, "464": 465, "465": 466, "466": 467, "467": 468, "468": 469, "469": 470, "470": 471, "471": 472, "472": 473, "473": 474, "474": 475, "475": 476, "476": 477, "477": 478, "478": 479, "479": 480, "480": 481, "481": 482, "482": 483, "483": 484, "484": 485, "485": 486, "486": 487, "487": 488, "488": 489, "489": 490, "490": 491, "491": 492, "492": 493, "493": 494, "494": 495, "495": 496, "496": 497, "497": 498, "498": 499, "499": 500}}}