{"trial_id": "444", "hyperparameters": {"space": [{"class_name": "Float", "config": {"name": "lambda_L2", "default": 1e-05, "conditions": [], "min_value": 1e-05, "max_value": 1.0, "step": null, "sampling": "log"}}, {"class_name": "Int", "config": {"name": "depth", "default": null, "conditions": [], "min_value": 1, "max_value": 5, "step": 1, "sampling": "linear"}}, {"class_name": "Int", "config": {"name": "n_first", "default": null, "conditions": [], "min_value": 10, "max_value": 100, "step": null, "sampling": "log"}}, {"class_name": "Int", "config": {"name": "n_others", "default": null, "conditions": [], "min_value": 5, "max_value": 50, "step": null, "sampling": "log"}}, {"class_name": "Float", "config": {"name": "dropout", "default": 0.1, "conditions": [], "min_value": 0.1, "max_value": 0.5, "step": null, "sampling": "linear"}}, {"class_name": "Choice", "config": {"name": "activation", "default": "relu", "conditions": [], "values": ["relu", "sigmoid"], "ordered": false}}, {"class_name": "Float", "config": {"name": "learning_rate", "default": 0.0001, "conditions": [], "min_value": 0.0001, "max_value": 0.1, "step": null, "sampling": "log"}}], "values": {"lambda_L2": 0.0009686789262409577, "depth": 3, "n_first": 68, "n_others": 28, "dropout": 0.2455577288261297, "activation": "relu", "learning_rate": 0.0006177024654302529}}, "metrics": {"metrics": {"accuracy": {"direction": "max", "observations": [{"value": [0.8122270703315735], "step": 9}]}, "loss": {"direction": "min", "observations": [{"value": [0.6163640022277832], "step": 9}]}, "val_accuracy": {"direction": "max", "observations": [{"value": [0.8448275923728943], "step": 9}]}, "val_loss": {"direction": "min", "observations": [{"value": [0.5621472597122192], "step": 9}]}}}, "score": 0.8448275923728943, "best_step": 9, "status": "COMPLETED", "message": null}