{"trial_id": "391", "hyperparameters": {"space": [{"class_name": "Float", "config": {"name": "lambda_L2", "default": 1e-05, "conditions": [], "min_value": 1e-05, "max_value": 1.0, "step": null, "sampling": "log"}}, {"class_name": "Int", "config": {"name": "depth", "default": null, "conditions": [], "min_value": 1, "max_value": 5, "step": 1, "sampling": "linear"}}, {"class_name": "Int", "config": {"name": "n_first", "default": null, "conditions": [], "min_value": 10, "max_value": 100, "step": null, "sampling": "log"}}, {"class_name": "Int", "config": {"name": "n_others", "default": null, "conditions": [], "min_value": 5, "max_value": 50, "step": null, "sampling": "log"}}, {"class_name": "Float", "config": {"name": "dropout", "default": 0.1, "conditions": [], "min_value": 0.1, "max_value": 0.5, "step": null, "sampling": "linear"}}, {"class_name": "Choice", "config": {"name": "activation", "default": "relu", "conditions": [], "values": ["relu", "sigmoid"], "ordered": false}}, {"class_name": "Float", "config": {"name": "learning_rate", "default": 0.0001, "conditions": [], "min_value": 0.0001, "max_value": 0.1, "step": null, "sampling": "log"}}], "values": {"lambda_L2": 0.001857776657239983, "depth": 3, "n_first": 66, "n_others": 6, "dropout": 0.28729470123560563, "activation": "relu", "learning_rate": 0.0056940077118821176}}, "metrics": {"metrics": {"accuracy": {"direction": "max", "observations": [{"value": [0.8384279608726501], "step": 19}]}, "loss": {"direction": "min", "observations": [{"value": [0.5123071074485779], "step": 19}]}, "val_accuracy": {"direction": "max", "observations": [{"value": [0.8793103694915771], "step": 19}]}, "val_loss": {"direction": "min", "observations": [{"value": [0.5021439790725708], "step": 19}]}}}, "score": 0.8793103694915771, "best_step": 19, "status": "COMPLETED", "message": null}