{"trial_id": "232", "hyperparameters": {"space": [{"class_name": "Float", "config": {"name": "lambda_L2", "default": 1e-05, "conditions": [], "min_value": 1e-05, "max_value": 1.0, "step": null, "sampling": "log"}}, {"class_name": "Int", "config": {"name": "depth", "default": null, "conditions": [], "min_value": 1, "max_value": 5, "step": 1, "sampling": "linear"}}, {"class_name": "Int", "config": {"name": "n_first", "default": null, "conditions": [], "min_value": 10, "max_value": 100, "step": null, "sampling": "log"}}, {"class_name": "Int", "config": {"name": "n_others", "default": null, "conditions": [], "min_value": 5, "max_value": 50, "step": null, "sampling": "log"}}, {"class_name": "Float", "config": {"name": "dropout", "default": 0.1, "conditions": [], "min_value": 0.1, "max_value": 0.5, "step": null, "sampling": "linear"}}, {"class_name": "Choice", "config": {"name": "activation", "default": "relu", "conditions": [], "values": ["relu", "sigmoid"], "ordered": false}}, {"class_name": "Float", "config": {"name": "learning_rate", "default": 0.0001, "conditions": [], "min_value": 0.0001, "max_value": 0.1, "step": null, "sampling": "log"}}], "values": {"lambda_L2": 0.00070069837540912, "depth": 3, "n_first": 33, "n_others": 19, "dropout": 0.390367891800244, "activation": "relu", "learning_rate": 0.02826741476404496}}, "metrics": {"metrics": {"accuracy": {"direction": "max", "observations": [{"value": [0.5458515286445618], "step": 0}]}, "loss": {"direction": "min", "observations": [{"value": [0.7110499739646912], "step": 0}]}, "val_accuracy": {"direction": "max", "observations": [{"value": [0.6034482717514038], "step": 0}]}, "val_loss": {"direction": "min", "observations": [{"value": [1.2268463373184204], "step": 0}]}}}, "score": 0.6034482717514038, "best_step": 0, "status": "COMPLETED", "message": null}