{"trial_id": "042", "hyperparameters": {"space": [{"class_name": "Float", "config": {"name": "lambda_L2", "default": 1e-05, "conditions": [], "min_value": 1e-05, "max_value": 1.0, "step": null, "sampling": "log"}}, {"class_name": "Int", "config": {"name": "depth", "default": null, "conditions": [], "min_value": 1, "max_value": 5, "step": 1, "sampling": "linear"}}, {"class_name": "Int", "config": {"name": "n_first", "default": null, "conditions": [], "min_value": 10, "max_value": 100, "step": null, "sampling": "log"}}, {"class_name": "Int", "config": {"name": "n_others", "default": null, "conditions": [], "min_value": 5, "max_value": 50, "step": null, "sampling": "log"}}, {"class_name": "Float", "config": {"name": "dropout", "default": 0.1, "conditions": [], "min_value": 0.1, "max_value": 0.5, "step": null, "sampling": "linear"}}, {"class_name": "Choice", "config": {"name": "activation", "default": "relu", "conditions": [], "values": ["relu", "sigmoid"], "ordered": false}}, {"class_name": "Float", "config": {"name": "learning_rate", "default": 0.0001, "conditions": [], "min_value": 0.0001, "max_value": 0.1, "step": null, "sampling": "log"}}], "values": {"lambda_L2": 0.04740267277630716, "depth": 4, "n_first": 13, "n_others": 21, "dropout": 0.2779287678227884, "activation": "sigmoid", "learning_rate": 0.029933882946278658}}, "metrics": {"metrics": {"accuracy": {"direction": "max", "observations": [{"value": [0.4235807955265045], "step": 13}]}, "loss": {"direction": "min", "observations": [{"value": [0.7172076106071472], "step": 13}]}, "val_accuracy": {"direction": "max", "observations": [{"value": [0.5344827771186829], "step": 13}]}, "val_loss": {"direction": "min", "observations": [{"value": [0.6949920058250427], "step": 13}]}}}, "score": 0.5344827771186829, "best_step": 13, "status": "COMPLETED", "message": null}