{"trial_id": "190", "hyperparameters": {"space": [{"class_name": "Float", "config": {"name": "lambda_L2", "default": 1e-05, "conditions": [], "min_value": 1e-05, "max_value": 1.0, "step": null, "sampling": "log"}}, {"class_name": "Int", "config": {"name": "depth", "default": null, "conditions": [], "min_value": 1, "max_value": 5, "step": 1, "sampling": "linear"}}, {"class_name": "Int", "config": {"name": "n_first", "default": null, "conditions": [], "min_value": 10, "max_value": 100, "step": null, "sampling": "log"}}, {"class_name": "Int", "config": {"name": "n_others", "default": null, "conditions": [], "min_value": 5, "max_value": 50, "step": null, "sampling": "log"}}, {"class_name": "Float", "config": {"name": "dropout", "default": 0.1, "conditions": [], "min_value": 0.1, "max_value": 0.5, "step": null, "sampling": "linear"}}, {"class_name": "Choice", "config": {"name": "activation", "default": "relu", "conditions": [], "values": ["relu", "sigmoid"], "ordered": false}}, {"class_name": "Float", "config": {"name": "learning_rate", "default": 0.0001, "conditions": [], "min_value": 0.0001, "max_value": 0.1, "step": null, "sampling": "log"}}], "values": {"lambda_L2": 0.5172245961677858, "depth": 5, "n_first": 28, "n_others": 25, "dropout": 0.2649770346451051, "activation": "relu", "learning_rate": 0.00011091927892162099}}, "metrics": {"metrics": {"accuracy": {"direction": "max", "observations": [{"value": [0.5109170079231262], "step": 1}]}, "loss": {"direction": "min", "observations": [{"value": [143.0011444091797], "step": 1}]}, "val_accuracy": {"direction": "max", "observations": [{"value": [0.5517241358757019], "step": 1}]}, "val_loss": {"direction": "min", "observations": [{"value": [142.3231964111328], "step": 1}]}}}, "score": 0.5517241358757019, "best_step": 1, "status": "COMPLETED", "message": null}